<?xml version="1.0" encoding="UTF-8"?>
<?xml-stylesheet type="text/xsl" href="static/style.xsl"?>
<OAI-PMH
	xmlns="http://www.openarchives.org/OAI/2.0/"
	xmlns:xsi="http://www.w3.org/2001/XMLSchema-instance" xsi:schemaLocation="http://www.openarchives.org/OAI/2.0/ http://www.openarchives.org/OAI/2.0/OAI-PMH.xsd">
	<responseDate>2017-11-29T09:31:19Z</responseDate>
	<request verb="GetRecord" identifier="oai:gesis.izsoz.de:document/27094" metadataPrefix="oai_dc">http://www.ssoar.info/OAIHandler/request</request>
	<GetRecord>
		<record>
			<header>
				<identifier>oai:gesis.izsoz.de:document/27094</identifier>
				<datestamp>2017-08-02T09:29:07Z</datestamp>
				<setSpec>com_community_10500</setSpec>
				<setSpec>com_community_10000</setSpec>
				<setSpec>com_community_1</setSpec>
				<setSpec>col_collection_10505</setSpec>
			</header>
			<metadata>
				<oai_dc:dc
					xmlns:oai_dc="http://www.openarchives.org/OAI/2.0/oai_dc/"
					xmlns:doc="http://www.lyncode.com/xoai"
					xmlns:xsi="http://www.w3.org/2001/XMLSchema-instance"
					xmlns:dc="http://purl.org/dc/elements/1.1/" xsi:schemaLocation="http://www.openarchives.org/OAI/2.0/oai_dc/ http://www.openarchives.org/OAI/2.0/oai_dc.xsd">
					<dc:title>Turkey : facing a new millenium; coping with intertwined conflicts</dc:title>
					<dc:creator>Nachmani, Amikam</dc:creator>
					<dc:subject>Political science</dc:subject>
					<dc:subject>Politikwissenschaft</dc:subject>
					<dc:subject>International Relations, International Politics, Foreign Affairs, Development Policy</dc:subject>
					<dc:subject>internationale Beziehungen, Entwicklungspolitik</dc:subject>
					<dc:subject>Türkei</dc:subject>
					<dc:subject>Persischer Golf</dc:subject>
					<dc:subject>Krieg</dc:subject>
					<dc:subject>ethnischer Konflikt</dc:subject>
					<dc:subject>kulturelle Identität</dc:subject>
					<dc:subject>Ethnizität</dc:subject>
					<dc:subject>Annäherungspolitik</dc:subject>
					<dc:subject>Außenpolitik</dc:subject>
					<dc:subject>Kurdistan</dc:subject>
					<dc:subject>Zypern</dc:subject>
					<dc:subject>zwischenstaatlicher Konflikt</dc:subject>
					<dc:subject>internationale Beziehungen</dc:subject>
					<dc:subject>Griechenland</dc:subject>
					<dc:subject>Israel</dc:subject>
					<dc:subject>internationale Zusammenarbeit</dc:subject>
					<dc:subject>Nationalismus</dc:subject>
					<dc:subject>EU</dc:subject>
					<dc:subject>Turkey</dc:subject>
					<dc:subject>Persian Gulf</dc:subject>
					<dc:subject>war</dc:subject>
					<dc:subject>ethnic conflict</dc:subject>
					<dc:subject>cultural identity</dc:subject>
					<dc:subject>ethnicity</dc:subject>
					<dc:subject>policy of rapprochement</dc:subject>
					<dc:subject>foreign policy</dc:subject>
					<dc:subject>Kurdistan</dc:subject>
					<dc:subject>Cyprus</dc:subject>
					<dc:subject>bilateral conflict</dc:subject>
					<dc:subject>international relations</dc:subject>
					<dc:subject>Greece</dc:subject>
					<dc:subject>Israel</dc:subject>
					<dc:subject>international cooperation</dc:subject>
					<dc:subject>nationalism</dc:subject>
					<dc:subject>EU</dc:subject>
					<dc:description>Turkey's involvement in the Gulf War in 1991 paved the way for the country's acceptance into the European Union. This book traces that process and in the first part looks at Turkey's foreign policy in the 1990s, considering the ability of the country to withstand the repercussions of the fall of communism. It focuses on Turkey's achievement in halting and minimising the effects of the temporary devaluationin its strategic importance that resulted from the waning of the Cold War and the disintegration of the Soviet Union, the skilful way in which Turkay avoided becoming embroiled in the ethnic upheavals in Central Asia, the balkans and the Middle East, and the development of a continued policy of closer integration into the European and western worlds. Internal politics are the focus of the second part of the book, addressing the curbing of the Kurdish revolt, the economic gains made, and the strengthening of civil society. Nachmani goes on to analyse the prospects for Turkey in the twenty-first century, in the light of the possible integration into Europe, which may leave the country's leadership free to deal effectively with domestic issues. This book will make crucial reading for anyone studying Turkish politics, or indeed European or European Union politics.</dc:description>
					<dc:date>2011-11-21T16:02:00Z</dc:date>
					<dc:date>2012-08-29T22:46:54Z</dc:date>
					<dc:date>2012-08-29T22:46:54Z</dc:date>
					<dc:date>2003</dc:date>
					<dc:date>2012-01-31T13:46:00Z</dc:date>
					<dc:type>monograph</dc:type>
					<dc:type>Monographie</dc:type>
					<dc:identifier>0-7190-6370-1</dc:identifier>
					<dc:identifier>http://www.ssoar.info/ssoar/handle/document/27094</dc:identifier>
					<dc:identifier>http://www.oapen.org/record/341407</dc:identifier>
					<dc:identifier>urn:nbn:de:0168-ssoar-270944</dc:identifier>
					<dc:rights>Creative Commons - Attribution-Noncommercial-No Derivative Works</dc:rights>
					<dc:rights>Creative Commons - Namensnennung, Nicht kommerz., Keine Bearbeitung</dc:rights>
					<dc:rights>f</dc:rights>
					<dc:publisher>Manchester Univ. Press</dc:publisher>
					<dc:publisher>Vereinigtes Königreich</dc:publisher>
					<dc:publisher>United Kingdom</dc:publisher>
					<dc:publisher>Manchester</dc:publisher>
					<dc:source>Europe in Change</dc:source>
					<dc:source>273</dc:source>
				</oai_dc:dc>
			</metadata>
		</record>
	</GetRecord>
</OAI-PMH>