<?xml version="1.0" encoding="UTF-8"?>
<?xml-stylesheet type="text/xsl" href="static/style.xsl"?>
<OAI-PMH
	xmlns="http://www.openarchives.org/OAI/2.0/"
	xmlns:xsi="http://www.w3.org/2001/XMLSchema-instance" xsi:schemaLocation="http://www.openarchives.org/OAI/2.0/ http://www.openarchives.org/OAI/2.0/OAI-PMH.xsd">
	<responseDate>2017-11-29T09:40:59Z</responseDate>
	<request verb="GetRecord" identifier="oai:gesis.izsoz.de:document/28636" metadataPrefix="oai_dc">http://www.ssoar.info/OAIHandler/request</request>
	<GetRecord>
		<record>
			<header>
				<identifier>oai:gesis.izsoz.de:document/28636</identifier>
				<datestamp>2017-06-22T09:43:51Z</datestamp>
				<setSpec>com_community_10200</setSpec>
				<setSpec>com_community_10000</setSpec>
				<setSpec>com_community_1</setSpec>
				<setSpec>com_community_10700</setSpec>
				<setSpec>col_collection_10215</setSpec>
				<setSpec>col_collection_10708</setSpec>
			</header>
			<metadata>
				<oai_dc:dc
					xmlns:oai_dc="http://www.openarchives.org/OAI/2.0/oai_dc/"
					xmlns:doc="http://www.lyncode.com/xoai"
					xmlns:xsi="http://www.w3.org/2001/XMLSchema-instance"
					xmlns:dc="http://purl.org/dc/elements/1.1/" xsi:schemaLocation="http://www.openarchives.org/OAI/2.0/oai_dc/ http://www.openarchives.org/OAI/2.0/oai_dc.xsd">
					<dc:title>Americans' psychological health trajectories : analyses of survey data from the intergenerational studies</dc:title>
					<dc:creator>Jones, Constance J.</dc:creator>
					<dc:creator>Peskin, Harvey</dc:creator>
					<dc:subject>Psychology</dc:subject>
					<dc:subject>Social sciences, sociology, anthropology</dc:subject>
					<dc:subject>Psychologie</dc:subject>
					<dc:subject>Sozialwissenschaften, Soziologie</dc:subject>
					<dc:subject>Medical Sociology</dc:subject>
					<dc:subject>Psychological Disorders, Mental Health Treatment and Prevention</dc:subject>
					<dc:subject>Medizinsoziologie</dc:subject>
					<dc:subject>psychische Störungen, Behandlung und Prävention</dc:subject>
					<dc:subject>US-Amerikaner</dc:subject>
					<dc:subject>Generation</dc:subject>
					<dc:subject>psychische Gesundheit</dc:subject>
					<dc:subject>US citizen</dc:subject>
					<dc:subject>generation</dc:subject>
					<dc:subject>mental health</dc:subject>
					<dc:subject>empirical</dc:subject>
					<dc:subject>quantitative empirical</dc:subject>
					<dc:subject>empirisch</dc:subject>
					<dc:subject>empirisch-quantitativ</dc:subject>
					<dc:description>'Survey data from the Intergenerational Studies are used here to examine two American generations' trajectories of psychological health. Original Intergenerational Studies members were born in either 1921 or 1929; their children were born between 1938 and 1982. Psychological health, measured via the self-report California Psychological Inventory, was assessed between 1954 and 2006 for the older generation and between 1983 and 2006 for the younger generation. The authors ask: What is the developmental path of psychological health for the older and younger generation, when data are analyzed separately, and what are the additional advantages of analyzing the two generations' data simultaneously? Application of longitudinal hierarchical linear modeling indicates that while data analyzed separately by generation are provocative, the additional advantages of analyzing data from both generations simultaneously are impressive: a more complex form of change was extracted, and valuable empirical estimates of generational differences in intercept, slope, and quadratic term were obtained.' (author's abstract)</dc:description>
					<dc:date>2012-02-28T14:46:00Z</dc:date>
					<dc:date>2012-08-29T22:29:23Z</dc:date>
					<dc:date>2012-08-29T22:29:23Z</dc:date>
					<dc:date>2009</dc:date>
					<dc:date>2012-02-28T15:04:00Z</dc:date>
					<dc:type>Zeitschriftenartikel</dc:type>
					<dc:type>journal article</dc:type>
					<dc:identifier>0172-6404</dc:identifier>
					<dc:identifier>http://www.ssoar.info/ssoar/handle/document/28636</dc:identifier>
					<dc:identifier>urn:nbn:de:0168-ssoar-286367</dc:identifier>
					<dc:rights>Creative Commons - Namensnennung, Nicht-kommerz.</dc:rights>
					<dc:rights>Creative Commons - Attribution-NonCommercial</dc:rights>
					<dc:rights>t</dc:rights>
					<dc:publisher>Deutschland</dc:publisher>
					<dc:publisher>Germany</dc:publisher>
					<dc:source>Historical Social Research</dc:source>
					<dc:source>34</dc:source>
					<dc:source>1</dc:source>
					<dc:source>62-76</dc:source>
				</oai_dc:dc>
			</metadata>
		</record>
	</GetRecord>
</OAI-PMH>