<?xml version="1.0" encoding="UTF-8"?>
<?xml-stylesheet type="text/xsl" href="static/style.xsl"?>
<OAI-PMH
	xmlns="http://www.openarchives.org/OAI/2.0/"
	xmlns:xsi="http://www.w3.org/2001/XMLSchema-instance" xsi:schemaLocation="http://www.openarchives.org/OAI/2.0/ http://www.openarchives.org/OAI/2.0/OAI-PMH.xsd">
	<responseDate>2017-11-29T09:40:13Z</responseDate>
	<request verb="GetRecord" identifier="oai:gesis.izsoz.de:document/3302" metadataPrefix="oai_dc">http://www.ssoar.info/OAIHandler/request</request>
	<GetRecord>
		<record>
			<header>
				<identifier>oai:gesis.izsoz.de:document/3302</identifier>
				<datestamp>2017-06-22T09:43:50Z</datestamp>
				<setSpec>com_community_10200</setSpec>
				<setSpec>com_community_10000</setSpec>
				<setSpec>com_community_1</setSpec>
				<setSpec>com_community_30300</setSpec>
				<setSpec>com_community_30000</setSpec>
				<setSpec>col_collection_10215</setSpec>
				<setSpec>col_collection_30302</setSpec>
			</header>
			<metadata>
				<oai_dc:dc
					xmlns:oai_dc="http://www.openarchives.org/OAI/2.0/oai_dc/"
					xmlns:doc="http://www.lyncode.com/xoai"
					xmlns:xsi="http://www.w3.org/2001/XMLSchema-instance"
					xmlns:dc="http://purl.org/dc/elements/1.1/" xsi:schemaLocation="http://www.openarchives.org/OAI/2.0/oai_dc/ http://www.openarchives.org/OAI/2.0/oai_dc.xsd">
					<dc:title>The insane in 19th-century Britain : a statistical analysis of a Scottish insane asylum</dc:title>
					<dc:creator>Johnson, Mary Orr</dc:creator>
					<dc:subject>Social sciences, sociology, anthropology</dc:subject>
					<dc:subject>History</dc:subject>
					<dc:subject>Sozialwissenschaften, Soziologie</dc:subject>
					<dc:subject>Geschichte</dc:subject>
					<dc:subject>Medical Sociology</dc:subject>
					<dc:subject>Social History</dc:subject>
					<dc:subject>Medizinsoziologie</dc:subject>
					<dc:subject>Sozial-/Wirtschaftsgeschichte, historische Sozialforschung</dc:subject>
					<dc:subject>geschlechtsspezifische Faktoren</dc:subject>
					<dc:subject>Großbritannien</dc:subject>
					<dc:subject>Psychiatrie</dc:subject>
					<dc:subject>soziale Kontrolle</dc:subject>
					<dc:subject>19. Jahrhundert</dc:subject>
					<dc:subject>gender-specific factors</dc:subject>
					<dc:subject>Great Britain</dc:subject>
					<dc:subject>psychiatry</dc:subject>
					<dc:subject>social control</dc:subject>
					<dc:subject>nineteenth century</dc:subject>
					<dc:subject>empirical</dc:subject>
					<dc:subject>historical</dc:subject>
					<dc:subject>empirisch</dc:subject>
					<dc:subject>historisch</dc:subject>
					<dc:description>Der vorliegende Beitrag diskutiert anhand einer statistischen Analyse der Unterlagen eines psychiatrischen Krankenhauses in Schottland (Glasgow) in der zweiten Hälfte des 19. Jahrhunderts folgende Aspekte: (1) Inwieweit kann eine 'moralische Behandlung' der Insassen aus den Unterlagen erschlossen werden? (2) Die Beschreibung des ökonomischen und sozialen Hintergrunds der Insassen hinsichtlich Diagnose und Behandlung; (3) Gibt es statistisch signifikante geschlechtsspezifische Unterschiede in den protokollierten Krankengeschichten? Die letzte Frage wird verneint; entscheidend sind der soziale und ökonomische Hintergrund für die Einlieferung und Diagnosestellung. (pmb)</dc:description>
					<dc:description>'This paper deals with an insane asylum population in the second half of the 19th century in Glasgow, Scotland. First, it attempts to place the asylum within the mental health context of the time by determining the extent of the use of moral management, a popular method for treating the insane in the 19th century. The results indicate that, in keeping with widely-held views, moral management was used alongside other, more traditional, methods, but that its use seemed to be in decline toward the end of the century. Second, it uses statistical data gathered from the admissions register of social and economic background, medical history, and experience inside the asylum. Third, it also uses these data to try to determine gender differences in the asylum experience of women and men. The findings do not indicate statistically significant differences between women and men in the asylum, suggesting that the asylum experience had less to do with gender than with social and economic status and background.' (author's abstract)</dc:description>
					<dc:date>2008-11-27T14:51:00Z</dc:date>
					<dc:date>2012-08-29T22:29:18Z</dc:date>
					<dc:date>2012-08-29T22:29:18Z</dc:date>
					<dc:date>1992</dc:date>
					<dc:date>2008-11-27T14:51:00Z</dc:date>
					<dc:type>Zeitschriftenartikel</dc:type>
					<dc:type>journal article</dc:type>
					<dc:identifier>0172-6404</dc:identifier>
					<dc:identifier>http://www.ssoar.info/ssoar/handle/document/3302</dc:identifier>
					<dc:identifier>urn:nbn:de:0168-ssoar-33025</dc:identifier>
					<dc:rights>Creative Commons - Namensnennung, Nicht-kommerz.</dc:rights>
					<dc:rights>Creative Commons - Attribution-NonCommercial</dc:rights>
					<dc:rights>t</dc:rights>
					<dc:publisher>Deutschland</dc:publisher>
					<dc:publisher>Germany</dc:publisher>
					<dc:source>Historical Social Research</dc:source>
					<dc:source>17</dc:source>
					<dc:source>3</dc:source>
					<dc:source>3-20</dc:source>
				</oai_dc:dc>
			</metadata>
		</record>
	</GetRecord>
</OAI-PMH>