<?xml version="1.0" encoding="UTF-8"?>
<?xml-stylesheet type="text/xsl" href="static/style.xsl"?>
<OAI-PMH
	xmlns="http://www.openarchives.org/OAI/2.0/"
	xmlns:xsi="http://www.w3.org/2001/XMLSchema-instance" xsi:schemaLocation="http://www.openarchives.org/OAI/2.0/ http://www.openarchives.org/OAI/2.0/OAI-PMH.xsd">
	<responseDate>2017-11-29T09:37:33Z</responseDate>
	<request verb="GetRecord" identifier="oai:gesis.izsoz.de:document/6050" metadataPrefix="oai_dc">http://www.ssoar.info/OAIHandler/request</request>
	<GetRecord>
		<record>
			<header>
				<identifier>oai:gesis.izsoz.de:document/6050</identifier>
				<datestamp>2014-11-13T11:00:00Z</datestamp>
				<setSpec>com_community_10500</setSpec>
				<setSpec>com_community_10000</setSpec>
				<setSpec>com_community_1</setSpec>
				<setSpec>col_collection_10505</setSpec>
				<setSpec>col_collection_10506</setSpec>
			</header>
			<metadata>
				<oai_dc:dc
					xmlns:oai_dc="http://www.openarchives.org/OAI/2.0/oai_dc/"
					xmlns:doc="http://www.lyncode.com/xoai"
					xmlns:xsi="http://www.w3.org/2001/XMLSchema-instance"
					xmlns:dc="http://purl.org/dc/elements/1.1/" xsi:schemaLocation="http://www.openarchives.org/OAI/2.0/oai_dc/ http://www.openarchives.org/OAI/2.0/oai_dc.xsd">
					<dc:title>Croatian accession to the European Union : the challenges of participation</dc:title>
					<dc:creator>Ott, Katarina</dc:creator>
					<dc:contributor>Ott, Katarina</dc:contributor>
					<dc:contributor>Institute of Public Finance, Zagreb</dc:contributor>
					<dc:contributor>Friedrich-Ebert-Stiftung Kroatien</dc:contributor>
					<dc:subject>Political science</dc:subject>
					<dc:subject>Politikwissenschaft</dc:subject>
					<dc:subject>European Union; Croatia; accession; reforms; administrative capacity; legal enforcement</dc:subject>
					<dc:subject>International Relations, International Politics, Foreign Affairs, Development Policy</dc:subject>
					<dc:subject>European Politics</dc:subject>
					<dc:subject>internationale Beziehungen, Entwicklungspolitik</dc:subject>
					<dc:subject>Europapolitik</dc:subject>
					<dc:subject>Kroatien</dc:subject>
					<dc:subject>EU</dc:subject>
					<dc:subject>EU-Beitritt</dc:subject>
					<dc:subject>europäische Integration</dc:subject>
					<dc:subject>politische Einstellung</dc:subject>
					<dc:subject>politischer Wandel</dc:subject>
					<dc:subject>ökonomischer Wandel</dc:subject>
					<dc:subject>Verwaltungshandeln</dc:subject>
					<dc:subject>öffentliche Verwaltung</dc:subject>
					<dc:subject>Reform</dc:subject>
					<dc:subject>Croatia</dc:subject>
					<dc:subject>EU</dc:subject>
					<dc:subject>joining the European Union</dc:subject>
					<dc:subject>European integration</dc:subject>
					<dc:subject>political attitude</dc:subject>
					<dc:subject>political change</dc:subject>
					<dc:subject>economic change</dc:subject>
					<dc:subject>administrative practice</dc:subject>
					<dc:subject>public administration</dc:subject>
					<dc:subject>reform</dc:subject>
					<dc:subject>descriptive study</dc:subject>
					<dc:subject>deskriptive Studie</dc:subject>
					<dc:description>This chapter summarizes the findings of the project of monitoring Croatian accession to the European Union. It draws particular attention to the challenges entailed in participation in the accession process and in relations with European countries, irrespective of Croatia's membership status. It tries to answer questions about: the place of Croatia in Europe; the problems of its economy; the nature of its political elite and the views of its citizens, and institutions' capacities to adapt to requirements of modern and open societies. Among the findings one could highlight: First, irrespective of the membership status, there are possibilities for Croatia to participate and even to try to act as leader in some fields (e.g. Adriatic Sea protection) and Croatian experts could participate in and contribute to the discussions of EU-relevant topics (e.g. European citizenship or communicating Europe). Second, high and stable distrust in the EU, rising unwillingness to join the EU and views concerning the EU that are more based on impressions than on utilitarian considerations might lead to a Croatian "no" to the EU in
the final moment of decision. However, if the benefits of reforms are reaped even without joining the EU, this does not have to be a disaster for the country, although it could be a serious setback for the political elite. Third, adaptation of the capabilities of Croatian institutions is
despite many improvements still the weakest spot. The progress of reforms has been limited and characterized by partiality, lack of strategies and still under strong political influences. The key words missing in almost all investigated fields are implementation, enforcement and action
plans. As the end of negotiations will more depend on the implementation than on the mere adoption of EU requirements, Croatia should turn to an "as soon as ready" instead of an "as soon as possible" policy.</dc:description>
					<dc:date>2009-10-07T12:13:00Z</dc:date>
					<dc:date>2012-08-29T22:48:01Z</dc:date>
					<dc:date>2012-08-29T22:48:01Z</dc:date>
					<dc:date>2006</dc:date>
					<dc:date>2009-10-16T12:58:00Z</dc:date>
					<dc:type>collection article</dc:type>
					<dc:type>Sammelwerksbeitrag</dc:type>
					<dc:identifier>978-953-6047-77-2</dc:identifier>
					<dc:identifier>http://www.ssoar.info/ssoar/handle/document/6050</dc:identifier>
					<dc:identifier>http://www.ijf.hr/eng/EU4/ott.pdf</dc:identifier>
					<dc:identifier>urn:nbn:de:0168-ssoar-60500</dc:identifier>
					<dc:rights>Creative Commons - Attribution</dc:rights>
					<dc:rights>Creative Commons - Namensnennung</dc:rights>
					<dc:rights>f</dc:rights>
					<dc:publisher>Anderes Land</dc:publisher>
					<dc:publisher>Misc. Country</dc:publisher>
					<dc:publisher>Zagreb</dc:publisher>
					<dc:source>Croatian accession to the European Union. Vol. 4, The challenges of participation</dc:source>
					<dc:source>1-27</dc:source>
				</oai_dc:dc>
			</metadata>
		</record>
	</GetRecord>
</OAI-PMH>