<oai_dc:dc
	xmlns:dc="http://purl.org/dc/elements/1.1/"
	xmlns:doc="http://www.lyncode.com/xoai"
	xmlns:oai_dc="http://www.openarchives.org/OAI/2.0/oai_dc/" xsi:schemaLocation="http://www.openarchives.org/OAI/2.0/oai_dc/ http://www.openarchives.org/OAI/2.0/oai_dc.xsd">
	<dc:title>Stigma, support initiatives and the "directors' dilemma" : is anyone mitigating the socio-economic impact of HIV and AIDS related stigma in Botswana?</dc:title>
	<dc:creator>Geiselhart, Klaus</dc:creator>
	<dc:subject>Social sciences, sociology, anthropology</dc:subject>
	<dc:subject>Political science</dc:subject>
	<dc:subject>Social problems and services</dc:subject>
	<dc:subject>Sozialwissenschaften, Soziologie</dc:subject>
	<dc:subject>Politikwissenschaft</dc:subject>
	<dc:subject>Soziale Probleme und Sozialdienste</dc:subject>
	<dc:subject>HIV; Support</dc:subject>
	<dc:subject>Medical Sociology</dc:subject>
	<dc:subject>Health Policy</dc:subject>
	<dc:subject>Social Problems</dc:subject>
	<dc:subject>Medizinsoziologie</dc:subject>
	<dc:subject>Gesundheitspolitik</dc:subject>
	<dc:subject>soziale Probleme</dc:subject>
	<dc:subject>AIDS</dc:subject>
	<dc:subject>Botswana</dc:subject>
	<dc:subject>Afrika</dc:subject>
	<dc:subject>Entwicklungsland</dc:subject>
	<dc:subject>Stigma</dc:subject>
	<dc:subject>Selbsthilfe</dc:subject>
	<dc:subject>Armut</dc:subject>
	<dc:subject>sozioökonomische Folgen</dc:subject>
	<dc:subject>Problembewältigung</dc:subject>
	<dc:subject>Prävention</dc:subject>
	<dc:subject>Coping-Verhalten</dc:subject>
	<dc:subject>Diskriminierung</dc:subject>
	<dc:subject>AIDS</dc:subject>
	<dc:subject>Botswana</dc:subject>
	<dc:subject>Africa</dc:subject>
	<dc:subject>developing country</dc:subject>
	<dc:subject>stigma</dc:subject>
	<dc:subject>self-help</dc:subject>
	<dc:subject>poverty</dc:subject>
	<dc:subject>socioeconomic effects</dc:subject>
	<dc:subject>coping</dc:subject>
	<dc:subject>prevention</dc:subject>
	<dc:subject>coping behavior</dc:subject>
	<dc:subject>discrimination</dc:subject>
	<dc:subject>qualitative empirical</dc:subject>
	<dc:subject>empirisch-qualitativ</dc:subject>
	<dc:description>The article explains the socio-economic impact of HIV/AIDS-related stigma in Botswana. It identifies self-help initiatives as those who mitigate the impact and explains the most severe problems they face. This paper is a revised version of the presentation given at the workshop "Changing HIV and AIDS impact patterns in the wake of the ARV therapy" in Gaborone/ Botswana.</dc:description>
	<dc:date>2008-06-03T12:45:00Z</dc:date>
	<dc:date>2012-08-29T22:29:20Z</dc:date>
	<dc:date>2012-08-29T22:29:20Z</dc:date>
	<dc:date>2006</dc:date>
	<dc:date>2008-06-09T16:18:00Z</dc:date>
	<dc:type>Arbeitspapier</dc:type>
	<dc:type>working paper</dc:type>
	<dc:identifier>http://www.ssoar.info/ssoar/handle/document/849</dc:identifier>
	<dc:identifier>http://www.geographie.uni-erlangen.de/forsch/hivbots.html</dc:identifier>
	<dc:identifier>urn:nbn:de:0168-ssoar-8494</dc:identifier>
	<dc:rights>Creative Commons - Attribution-Noncommercial-No Derivative Works</dc:rights>
	<dc:rights>Creative Commons - Namensnennung, Nicht kommerz., Keine Bearbeitung</dc:rights>
	<dc:rights>f</dc:rights>
	<dc:publisher>Deutschland</dc:publisher>
	<dc:publisher>Germany</dc:publisher>
	<dc:publisher>Erlangen</dc:publisher>
	<dc:source>9</dc:source>
</oai_dc:dc>

