{
  "name" : "OMTD_NER",
  "description" : "Named Entity Annotation Project for the Social Sciences use case in OpenMinTeD",
  "mode" : "ANNOTATION",
  "version" : 1,
  "source_documents" : [ {
    "name" : "1564.xmi",
    "format" : "xmi",
    "state" : "CURATION_FINISHED",
    "timestamp" : 1483613965000,
    "sentence_accessed" : 994,
    "created" : null,
    "updated" : null
  }, {
    "name" : "20089.xmi",
    "format" : "xmi",
    "state" : "CURATION_FINISHED",
    "timestamp" : 1481805183000,
    "sentence_accessed" : 109,
    "created" : null,
    "updated" : null
  }, {
    "name" : "21201.xmi",
    "format" : "xmi",
    "state" : "CURATION_FINISHED",
    "timestamp" : 1497424956000,
    "sentence_accessed" : 12,
    "created" : null,
    "updated" : null
  }, {
    "name" : "25124.xmi",
    "format" : "xmi",
    "state" : "CURATION_FINISHED",
    "timestamp" : 1481806068000,
    "sentence_accessed" : 98,
    "created" : null,
    "updated" : null
  }, {
    "name" : "25576.xmi",
    "format" : "xmi",
    "state" : "CURATION_FINISHED",
    "timestamp" : 1481806785000,
    "sentence_accessed" : 157,
    "created" : null,
    "updated" : null
  }, {
    "name" : "25585.xmi",
    "format" : "xmi",
    "state" : "CURATION_FINISHED",
    "timestamp" : 1483622844000,
    "sentence_accessed" : 539,
    "created" : null,
    "updated" : null
  }, {
    "name" : "27873.xmi",
    "format" : "xmi",
    "state" : "CURATION_FINISHED",
    "timestamp" : 1483537358000,
    "sentence_accessed" : 616,
    "created" : null,
    "updated" : null
  }, {
    "name" : "27928.xmi",
    "format" : "xmi",
    "state" : "CURATION_FINISHED",
    "timestamp" : 1483611746000,
    "sentence_accessed" : 462,
    "created" : null,
    "updated" : null
  }, {
    "name" : "28687.xmi",
    "format" : "xmi",
    "state" : "CURATION_FINISHED",
    "timestamp" : 1497426191000,
    "sentence_accessed" : 4,
    "created" : null,
    "updated" : null
  }, {
    "name" : "31425.xmi",
    "format" : "xmi",
    "state" : "CURATION_FINISHED",
    "timestamp" : null,
    "sentence_accessed" : 0,
    "created" : null,
    "updated" : null
  }, {
    "name" : "31959.xmi",
    "format" : "xmi",
    "state" : "ANNOTATION_IN_PROGRESS",
    "timestamp" : null,
    "sentence_accessed" : 0,
    "created" : null,
    "updated" : null
  }, {
    "name" : "32343.xmi",
    "format" : "xmi",
    "state" : "CURATION_FINISHED",
    "timestamp" : 1483623590000,
    "sentence_accessed" : 142,
    "created" : null,
    "updated" : null
  }, {
    "name" : "32363.xmi",
    "format" : "xmi",
    "state" : "CURATION_FINISHED",
    "timestamp" : 1483624131000,
    "sentence_accessed" : 104,
    "created" : null,
    "updated" : null
  }, {
    "name" : "32461.xmi",
    "format" : "xmi",
    "state" : "ANNOTATION_IN_PROGRESS",
    "timestamp" : null,
    "sentence_accessed" : 0,
    "created" : null,
    "updated" : null
  }, {
    "name" : "32462.xmi",
    "format" : "xmi",
    "state" : "CURATION_FINISHED",
    "timestamp" : 1483965483000,
    "sentence_accessed" : 345,
    "created" : null,
    "updated" : null
  }, {
    "name" : "32900.xmi",
    "format" : "xmi",
    "state" : "ANNOTATION_IN_PROGRESS",
    "timestamp" : null,
    "sentence_accessed" : 0,
    "created" : null,
    "updated" : null
  }, {
    "name" : "32995.xmi",
    "format" : "xmi",
    "state" : "ANNOTATION_IN_PROGRESS",
    "timestamp" : null,
    "sentence_accessed" : 0,
    "created" : null,
    "updated" : null
  }, {
    "name" : "35912.xmi",
    "format" : "xmi",
    "state" : "ANNOTATION_IN_PROGRESS",
    "timestamp" : null,
    "sentence_accessed" : 0,
    "created" : null,
    "updated" : null
  }, {
    "name" : "36091.xmi",
    "format" : "xmi",
    "state" : "ANNOTATION_IN_PROGRESS",
    "timestamp" : null,
    "sentence_accessed" : 0,
    "created" : null,
    "updated" : null
  }, {
    "name" : "36374.xmi",
    "format" : "xmi",
    "state" : "ANNOTATION_IN_PROGRESS",
    "timestamp" : null,
    "sentence_accessed" : 0,
    "created" : null,
    "updated" : null
  }, {
    "name" : "36872.xmi",
    "format" : "xmi",
    "state" : "ANNOTATION_IN_PROGRESS",
    "timestamp" : null,
    "sentence_accessed" : 0,
    "created" : null,
    "updated" : null
  }, {
    "name" : "37127.xmi",
    "format" : "xmi",
    "state" : "ANNOTATION_IN_PROGRESS",
    "timestamp" : null,
    "sentence_accessed" : 0,
    "created" : null,
    "updated" : null
  }, {
    "name" : "37418.xmi",
    "format" : "xmi",
    "state" : "ANNOTATION_IN_PROGRESS",
    "timestamp" : null,
    "sentence_accessed" : 0,
    "created" : null,
    "updated" : null
  }, {
    "name" : "37421.xmi",
    "format" : "xmi",
    "state" : "ANNOTATION_IN_PROGRESS",
    "timestamp" : null,
    "sentence_accessed" : 0,
    "created" : null,
    "updated" : null
  }, {
    "name" : "37948.xmi",
    "format" : "xmi",
    "state" : "ANNOTATION_IN_PROGRESS",
    "timestamp" : null,
    "sentence_accessed" : 0,
    "created" : null,
    "updated" : null
  }, {
    "name" : "39063.xmi",
    "format" : "xmi",
    "state" : "ANNOTATION_IN_PROGRESS",
    "timestamp" : null,
    "sentence_accessed" : 0,
    "created" : null,
    "updated" : null
  }, {
    "name" : "39167.xmi",
    "format" : "xmi",
    "state" : "ANNOTATION_IN_PROGRESS",
    "timestamp" : null,
    "sentence_accessed" : 0,
    "created" : null,
    "updated" : null
  }, {
    "name" : "39334.xmi",
    "format" : "xmi",
    "state" : "ANNOTATION_IN_PROGRESS",
    "timestamp" : null,
    "sentence_accessed" : 0,
    "created" : null,
    "updated" : null
  }, {
    "name" : "39750.xmi",
    "format" : "xmi",
    "state" : "ANNOTATION_IN_PROGRESS",
    "timestamp" : null,
    "sentence_accessed" : 0,
    "created" : null,
    "updated" : null
  }, {
    "name" : "39798.xmi",
    "format" : "xmi",
    "state" : "ANNOTATION_IN_PROGRESS",
    "timestamp" : null,
    "sentence_accessed" : 0,
    "created" : null,
    "updated" : null
  }, {
    "name" : "40003.xmi",
    "format" : "xmi",
    "state" : "NEW",
    "timestamp" : null,
    "sentence_accessed" : 0,
    "created" : null,
    "updated" : null
  }, {
    "name" : "40025.xmi",
    "format" : "xmi",
    "state" : "ANNOTATION_IN_PROGRESS",
    "timestamp" : null,
    "sentence_accessed" : 0,
    "created" : null,
    "updated" : null
  }, {
    "name" : "41034.xmi",
    "format" : "xmi",
    "state" : "ANNOTATION_IN_PROGRESS",
    "timestamp" : null,
    "sentence_accessed" : 0,
    "created" : null,
    "updated" : null
  }, {
    "name" : "41963.xmi",
    "format" : "xmi",
    "state" : "ANNOTATION_IN_PROGRESS",
    "timestamp" : null,
    "sentence_accessed" : 0,
    "created" : null,
    "updated" : null
  }, {
    "name" : "41972.xmi",
    "format" : "xmi",
    "state" : "ANNOTATION_IN_PROGRESS",
    "timestamp" : null,
    "sentence_accessed" : 0,
    "created" : null,
    "updated" : null
  }, {
    "name" : "42309.xmi",
    "format" : "xmi",
    "state" : "ANNOTATION_IN_PROGRESS",
    "timestamp" : null,
    "sentence_accessed" : 0,
    "created" : null,
    "updated" : null
  }, {
    "name" : "43271.xmi",
    "format" : "xmi",
    "state" : "ANNOTATION_IN_PROGRESS",
    "timestamp" : null,
    "sentence_accessed" : 0,
    "created" : null,
    "updated" : null
  }, {
    "name" : "43713.xmi",
    "format" : "xmi",
    "state" : "ANNOTATION_IN_PROGRESS",
    "timestamp" : null,
    "sentence_accessed" : 0,
    "created" : null,
    "updated" : null
  }, {
    "name" : "45065.xmi",
    "format" : "xmi",
    "state" : "ANNOTATION_IN_PROGRESS",
    "timestamp" : null,
    "sentence_accessed" : 0,
    "created" : null,
    "updated" : null
  }, {
    "name" : "45074.xmi",
    "format" : "xmi",
    "state" : "ANNOTATION_IN_PROGRESS",
    "timestamp" : null,
    "sentence_accessed" : 0,
    "created" : null,
    "updated" : null
  }, {
    "name" : "45102.xmi",
    "format" : "xmi",
    "state" : "ANNOTATION_IN_PROGRESS",
    "timestamp" : null,
    "sentence_accessed" : 0,
    "created" : null,
    "updated" : null
  }, {
    "name" : "45144.xmi",
    "format" : "xmi",
    "state" : "ANNOTATION_IN_PROGRESS",
    "timestamp" : null,
    "sentence_accessed" : 0,
    "created" : null,
    "updated" : null
  }, {
    "name" : "45248.xmi",
    "format" : "xmi",
    "state" : "ANNOTATION_IN_PROGRESS",
    "timestamp" : null,
    "sentence_accessed" : 0,
    "created" : null,
    "updated" : null
  }, {
    "name" : "45290.xmi",
    "format" : "xmi",
    "state" : "ANNOTATION_IN_PROGRESS",
    "timestamp" : null,
    "sentence_accessed" : 0,
    "created" : null,
    "updated" : null
  }, {
    "name" : "45300.xmi",
    "format" : "xmi",
    "state" : "ANNOTATION_IN_PROGRESS",
    "timestamp" : null,
    "sentence_accessed" : 0,
    "created" : null,
    "updated" : null
  }, {
    "name" : "45382.xmi",
    "format" : "xmi",
    "state" : "ANNOTATION_IN_PROGRESS",
    "timestamp" : null,
    "sentence_accessed" : 0,
    "created" : null,
    "updated" : null
  }, {
    "name" : "45385.xmi",
    "format" : "xmi",
    "state" : "ANNOTATION_IN_PROGRESS",
    "timestamp" : null,
    "sentence_accessed" : 0,
    "created" : null,
    "updated" : null
  }, {
    "name" : "45391.xmi",
    "format" : "xmi",
    "state" : "ANNOTATION_IN_PROGRESS",
    "timestamp" : null,
    "sentence_accessed" : 0,
    "created" : null,
    "updated" : null
  }, {
    "name" : "45555.xmi",
    "format" : "xmi",
    "state" : "ANNOTATION_IN_PROGRESS",
    "timestamp" : null,
    "sentence_accessed" : 0,
    "created" : null,
    "updated" : null
  }, {
    "name" : "45558.xmi",
    "format" : "xmi",
    "state" : "ANNOTATION_IN_PROGRESS",
    "timestamp" : null,
    "sentence_accessed" : 0,
    "created" : null,
    "updated" : null
  }, {
    "name" : "45663.xmi",
    "format" : "xmi",
    "state" : "ANNOTATION_IN_PROGRESS",
    "timestamp" : null,
    "sentence_accessed" : 0,
    "created" : null,
    "updated" : null
  }, {
    "name" : "46954.xmi",
    "format" : "xmi",
    "state" : "ANNOTATION_IN_PROGRESS",
    "timestamp" : null,
    "sentence_accessed" : 0,
    "created" : null,
    "updated" : null
  }, {
    "name" : "47128.xmi",
    "format" : "xmi",
    "state" : "ANNOTATION_IN_PROGRESS",
    "timestamp" : null,
    "sentence_accessed" : 0,
    "created" : null,
    "updated" : null
  }, {
    "name" : "47906.xmi",
    "format" : "xmi",
    "state" : "ANNOTATION_IN_PROGRESS",
    "timestamp" : null,
    "sentence_accessed" : 0,
    "created" : null,
    "updated" : null
  }, {
    "name" : "48295.xmi",
    "format" : "xmi",
    "state" : "ANNOTATION_IN_PROGRESS",
    "timestamp" : null,
    "sentence_accessed" : 0,
    "created" : null,
    "updated" : null
  }, {
    "name" : "48384.xmi",
    "format" : "xmi",
    "state" : "ANNOTATION_IN_PROGRESS",
    "timestamp" : null,
    "sentence_accessed" : 0,
    "created" : null,
    "updated" : null
  }, {
    "name" : "5863.xmi",
    "format" : "xmi",
    "state" : "ANNOTATION_IN_PROGRESS",
    "timestamp" : null,
    "sentence_accessed" : 0,
    "created" : null,
    "updated" : null
  }, {
    "name" : "6717.xmi",
    "format" : "xmi",
    "state" : "ANNOTATION_IN_PROGRESS",
    "timestamp" : null,
    "sentence_accessed" : 0,
    "created" : null,
    "updated" : null
  }, {
    "name" : "6860.xmi",
    "format" : "xmi",
    "state" : "ANNOTATION_IN_PROGRESS",
    "timestamp" : null,
    "sentence_accessed" : 0,
    "created" : null,
    "updated" : null
  }, {
    "name" : "6864.xmi",
    "format" : "xmi",
    "state" : "NEW",
    "timestamp" : null,
    "sentence_accessed" : 0,
    "created" : null,
    "updated" : null
  }, {
    "name" : "6961.xmi",
    "format" : "xmi",
    "state" : "ANNOTATION_IN_PROGRESS",
    "timestamp" : null,
    "sentence_accessed" : 0,
    "created" : null,
    "updated" : null
  }, {
    "name" : "6963.xmi",
    "format" : "xmi",
    "state" : "ANNOTATION_IN_PROGRESS",
    "timestamp" : null,
    "sentence_accessed" : 0,
    "created" : null,
    "updated" : null
  }, {
    "name" : "7098.xmi",
    "format" : "xmi",
    "state" : "ANNOTATION_IN_PROGRESS",
    "timestamp" : null,
    "sentence_accessed" : 0,
    "created" : null,
    "updated" : null
  } ],
  "training_documents" : [ ],
  "annotation_documents" : [ {
    "name" : "1564.xmi",
    "user" : "anno1",
    "state" : "IN_PROGRESS",
    "timestamp" : 1480507086000,
    "sentence_accessed" : 7,
    "created" : null,
    "updated" : null
  }, {
    "name" : "1564.xmi",
    "user" : "anno3",
    "state" : "FINISHED",
    "timestamp" : 1481714943000,
    "sentence_accessed" : 745,
    "created" : null,
    "updated" : null
  }, {
    "name" : "1564.xmi",
    "user" : "anno4",
    "state" : "FINISHED",
    "timestamp" : 1483013309000,
    "sentence_accessed" : 48,
    "created" : null,
    "updated" : null
  }, {
    "name" : "1564.xmi",
    "user" : "anno2",
    "state" : "NEW",
    "timestamp" : null,
    "sentence_accessed" : 0,
    "created" : null,
    "updated" : null
  }, {
    "name" : "20089.xmi",
    "user" : "anno1",
    "state" : "IN_PROGRESS",
    "timestamp" : 1479904465000,
    "sentence_accessed" : 3,
    "created" : null,
    "updated" : null
  }, {
    "name" : "20089.xmi",
    "user" : "anno3",
    "state" : "FINISHED",
    "timestamp" : 1481717838000,
    "sentence_accessed" : 109,
    "created" : null,
    "updated" : null
  }, {
    "name" : "20089.xmi",
    "user" : "anno4",
    "state" : "FINISHED",
    "timestamp" : 1480076953000,
    "sentence_accessed" : 69,
    "created" : null,
    "updated" : null
  }, {
    "name" : "20089.xmi",
    "user" : "anno2",
    "state" : "NEW",
    "timestamp" : null,
    "sentence_accessed" : 0,
    "created" : null,
    "updated" : null
  }, {
    "name" : "21201.xmi",
    "user" : "anno3",
    "state" : "FINISHED",
    "timestamp" : 1484639539000,
    "sentence_accessed" : 1098,
    "created" : null,
    "updated" : null
  }, {
    "name" : "21201.xmi",
    "user" : "anno1",
    "state" : "NEW",
    "timestamp" : null,
    "sentence_accessed" : 0,
    "created" : null,
    "updated" : null
  }, {
    "name" : "21201.xmi",
    "user" : "anno4",
    "state" : "IN_PROGRESS",
    "timestamp" : 1488970522000,
    "sentence_accessed" : 671,
    "created" : null,
    "updated" : null
  }, {
    "name" : "21201.xmi",
    "user" : "anno2",
    "state" : "NEW",
    "timestamp" : null,
    "sentence_accessed" : 0,
    "created" : null,
    "updated" : null
  }, {
    "name" : "25124.xmi",
    "user" : "anno1",
    "state" : "IN_PROGRESS",
    "timestamp" : null,
    "sentence_accessed" : 0,
    "created" : null,
    "updated" : null
  }, {
    "name" : "25124.xmi",
    "user" : "anno3",
    "state" : "FINISHED",
    "timestamp" : 1481720410000,
    "sentence_accessed" : 120,
    "created" : null,
    "updated" : null
  }, {
    "name" : "25124.xmi",
    "user" : "anno4",
    "state" : "FINISHED",
    "timestamp" : 1480072374000,
    "sentence_accessed" : 102,
    "created" : null,
    "updated" : null
  }, {
    "name" : "25124.xmi",
    "user" : "anno2",
    "state" : "NEW",
    "timestamp" : null,
    "sentence_accessed" : 0,
    "created" : null,
    "updated" : null
  }, {
    "name" : "25576.xmi",
    "user" : "anno1",
    "state" : "IN_PROGRESS",
    "timestamp" : null,
    "sentence_accessed" : 0,
    "created" : null,
    "updated" : null
  }, {
    "name" : "25576.xmi",
    "user" : "anno3",
    "state" : "FINISHED",
    "timestamp" : 1481721237000,
    "sentence_accessed" : 88,
    "created" : null,
    "updated" : null
  }, {
    "name" : "25576.xmi",
    "user" : "anno4",
    "state" : "FINISHED",
    "timestamp" : 1480076044000,
    "sentence_accessed" : 161,
    "created" : null,
    "updated" : null
  }, {
    "name" : "25576.xmi",
    "user" : "anno2",
    "state" : "NEW",
    "timestamp" : null,
    "sentence_accessed" : 0,
    "created" : null,
    "updated" : null
  }, {
    "name" : "25585.xmi",
    "user" : "anno1",
    "state" : "IN_PROGRESS",
    "timestamp" : null,
    "sentence_accessed" : 0,
    "created" : null,
    "updated" : null
  }, {
    "name" : "25585.xmi",
    "user" : "anno3",
    "state" : "FINISHED",
    "timestamp" : 1481726059000,
    "sentence_accessed" : 551,
    "created" : null,
    "updated" : null
  }, {
    "name" : "25585.xmi",
    "user" : "anno4",
    "state" : "FINISHED",
    "timestamp" : 1482499519000,
    "sentence_accessed" : 94,
    "created" : null,
    "updated" : null
  }, {
    "name" : "25585.xmi",
    "user" : "anno2",
    "state" : "NEW",
    "timestamp" : null,
    "sentence_accessed" : 0,
    "created" : null,
    "updated" : null
  }, {
    "name" : "27873.xmi",
    "user" : "anno1",
    "state" : "IN_PROGRESS",
    "timestamp" : null,
    "sentence_accessed" : 0,
    "created" : null,
    "updated" : null
  }, {
    "name" : "27873.xmi",
    "user" : "anno3",
    "state" : "FINISHED",
    "timestamp" : 1482313658000,
    "sentence_accessed" : 537,
    "created" : null,
    "updated" : null
  }, {
    "name" : "27873.xmi",
    "user" : "anno4",
    "state" : "FINISHED",
    "timestamp" : 1482844860000,
    "sentence_accessed" : 151,
    "created" : null,
    "updated" : null
  }, {
    "name" : "27873.xmi",
    "user" : "anno2",
    "state" : "NEW",
    "timestamp" : null,
    "sentence_accessed" : 0,
    "created" : null,
    "updated" : null
  }, {
    "name" : "27928.xmi",
    "user" : "anno1",
    "state" : "IN_PROGRESS",
    "timestamp" : null,
    "sentence_accessed" : 0,
    "created" : null,
    "updated" : null
  }, {
    "name" : "27928.xmi",
    "user" : "anno3",
    "state" : "FINISHED",
    "timestamp" : 1482318718000,
    "sentence_accessed" : 460,
    "created" : null,
    "updated" : null
  }, {
    "name" : "27928.xmi",
    "user" : "anno4",
    "state" : "FINISHED",
    "timestamp" : 1482939564000,
    "sentence_accessed" : 462,
    "created" : null,
    "updated" : null
  }, {
    "name" : "27928.xmi",
    "user" : "anno2",
    "state" : "NEW",
    "timestamp" : null,
    "sentence_accessed" : 0,
    "created" : null,
    "updated" : null
  }, {
    "name" : "28687.xmi",
    "user" : "anno1",
    "state" : "IN_PROGRESS",
    "timestamp" : null,
    "sentence_accessed" : 0,
    "created" : null,
    "updated" : null
  }, {
    "name" : "28687.xmi",
    "user" : "anno3",
    "state" : "FINISHED",
    "timestamp" : 1487156502000,
    "sentence_accessed" : 1606,
    "created" : null,
    "updated" : null
  }, {
    "name" : "28687.xmi",
    "user" : "anno4",
    "state" : "FINISHED",
    "timestamp" : 1484916444000,
    "sentence_accessed" : 994,
    "created" : null,
    "updated" : null
  }, {
    "name" : "28687.xmi",
    "user" : "anno2",
    "state" : "NEW",
    "timestamp" : null,
    "sentence_accessed" : 0,
    "created" : null,
    "updated" : null
  }, {
    "name" : "31425.xmi",
    "user" : "anno1",
    "state" : "IN_PROGRESS",
    "timestamp" : null,
    "sentence_accessed" : 0,
    "created" : null,
    "updated" : null
  }, {
    "name" : "31425.xmi",
    "user" : "anno3",
    "state" : "FINISHED",
    "timestamp" : 1487161673000,
    "sentence_accessed" : 209,
    "created" : null,
    "updated" : null
  }, {
    "name" : "31425.xmi",
    "user" : "anno4",
    "state" : "FINISHED",
    "timestamp" : 1485261106000,
    "sentence_accessed" : 209,
    "created" : null,
    "updated" : null
  }, {
    "name" : "31425.xmi",
    "user" : "anno2",
    "state" : "NEW",
    "timestamp" : null,
    "sentence_accessed" : 0,
    "created" : null,
    "updated" : null
  }, {
    "name" : "31959.xmi",
    "user" : "anno1",
    "state" : "IN_PROGRESS",
    "timestamp" : null,
    "sentence_accessed" : 0,
    "created" : null,
    "updated" : null
  }, {
    "name" : "31959.xmi",
    "user" : "anno3",
    "state" : "FINISHED",
    "timestamp" : 1487168199000,
    "sentence_accessed" : 305,
    "created" : null,
    "updated" : null
  }, {
    "name" : "31959.xmi",
    "user" : "anno4",
    "state" : "FINISHED",
    "timestamp" : 1485514383000,
    "sentence_accessed" : 304,
    "created" : null,
    "updated" : null
  }, {
    "name" : "31959.xmi",
    "user" : "anno2",
    "state" : "NEW",
    "timestamp" : null,
    "sentence_accessed" : 0,
    "created" : null,
    "updated" : null
  }, {
    "name" : "32343.xmi",
    "user" : "anno1",
    "state" : "IN_PROGRESS",
    "timestamp" : null,
    "sentence_accessed" : 0,
    "created" : null,
    "updated" : null
  }, {
    "name" : "32343.xmi",
    "user" : "anno3",
    "state" : "FINISHED",
    "timestamp" : 1482494609000,
    "sentence_accessed" : 148,
    "created" : null,
    "updated" : null
  }, {
    "name" : "32343.xmi",
    "user" : "anno4",
    "state" : "FINISHED",
    "timestamp" : 1480079961000,
    "sentence_accessed" : 148,
    "created" : null,
    "updated" : null
  }, {
    "name" : "32343.xmi",
    "user" : "anno2",
    "state" : "NEW",
    "timestamp" : null,
    "sentence_accessed" : 0,
    "created" : null,
    "updated" : null
  }, {
    "name" : "32363.xmi",
    "user" : "anno1",
    "state" : "IN_PROGRESS",
    "timestamp" : null,
    "sentence_accessed" : 0,
    "created" : null,
    "updated" : null
  }, {
    "name" : "32363.xmi",
    "user" : "anno3",
    "state" : "FINISHED",
    "timestamp" : 1482499331000,
    "sentence_accessed" : 104,
    "created" : null,
    "updated" : null
  }, {
    "name" : "32363.xmi",
    "user" : "anno4",
    "state" : "FINISHED",
    "timestamp" : 1480498521000,
    "sentence_accessed" : 89,
    "created" : null,
    "updated" : null
  }, {
    "name" : "32363.xmi",
    "user" : "anno2",
    "state" : "NEW",
    "timestamp" : null,
    "sentence_accessed" : 0,
    "created" : null,
    "updated" : null
  }, {
    "name" : "32461.xmi",
    "user" : "anno1",
    "state" : "IN_PROGRESS",
    "timestamp" : null,
    "sentence_accessed" : 0,
    "created" : null,
    "updated" : null
  }, {
    "name" : "32461.xmi",
    "user" : "anno3",
    "state" : "FINISHED",
    "timestamp" : 1487343313000,
    "sentence_accessed" : 176,
    "created" : null,
    "updated" : null
  }, {
    "name" : "32461.xmi",
    "user" : "anno4",
    "state" : "FINISHED",
    "timestamp" : 1485257785000,
    "sentence_accessed" : 157,
    "created" : null,
    "updated" : null
  }, {
    "name" : "32461.xmi",
    "user" : "anno2",
    "state" : "NEW",
    "timestamp" : null,
    "sentence_accessed" : 0,
    "created" : null,
    "updated" : null
  }, {
    "name" : "32462.xmi",
    "user" : "anno1",
    "state" : "IN_PROGRESS",
    "timestamp" : null,
    "sentence_accessed" : 0,
    "created" : null,
    "updated" : null
  }, {
    "name" : "32462.xmi",
    "user" : "anno3",
    "state" : "FINISHED",
    "timestamp" : 1483455543000,
    "sentence_accessed" : 345,
    "created" : null,
    "updated" : null
  }, {
    "name" : "32462.xmi",
    "user" : "anno4",
    "state" : "FINISHED",
    "timestamp" : 1481290372000,
    "sentence_accessed" : 251,
    "created" : null,
    "updated" : null
  }, {
    "name" : "32462.xmi",
    "user" : "anno2",
    "state" : "NEW",
    "timestamp" : null,
    "sentence_accessed" : 0,
    "created" : null,
    "updated" : null
  }, {
    "name" : "32900.xmi",
    "user" : "anno1",
    "state" : "IN_PROGRESS",
    "timestamp" : null,
    "sentence_accessed" : 0,
    "created" : null,
    "updated" : null
  }, {
    "name" : "32900.xmi",
    "user" : "anno3",
    "state" : "FINISHED",
    "timestamp" : 1487690436000,
    "sentence_accessed" : 337,
    "created" : null,
    "updated" : null
  }, {
    "name" : "32900.xmi",
    "user" : "anno4",
    "state" : "IN_PROGRESS",
    "timestamp" : 1487850933000,
    "sentence_accessed" : 105,
    "created" : null,
    "updated" : null
  }, {
    "name" : "32900.xmi",
    "user" : "anno2",
    "state" : "NEW",
    "timestamp" : null,
    "sentence_accessed" : 0,
    "created" : null,
    "updated" : null
  }, {
    "name" : "32995.xmi",
    "user" : "anno1",
    "state" : "IN_PROGRESS",
    "timestamp" : null,
    "sentence_accessed" : 0,
    "created" : null,
    "updated" : null
  }, {
    "name" : "32995.xmi",
    "user" : "anno3",
    "state" : "FINISHED",
    "timestamp" : 1487696848000,
    "sentence_accessed" : 333,
    "created" : null,
    "updated" : null
  }, {
    "name" : "32995.xmi",
    "user" : "anno4",
    "state" : "FINISHED",
    "timestamp" : 1485862365000,
    "sentence_accessed" : 74,
    "created" : null,
    "updated" : null
  }, {
    "name" : "32995.xmi",
    "user" : "anno2",
    "state" : "NEW",
    "timestamp" : null,
    "sentence_accessed" : 0,
    "created" : null,
    "updated" : null
  }, {
    "name" : "35912.xmi",
    "user" : "anno1",
    "state" : "IN_PROGRESS",
    "timestamp" : null,
    "sentence_accessed" : 0,
    "created" : null,
    "updated" : null
  }, {
    "name" : "35912.xmi",
    "user" : "anno3",
    "state" : "FINISHED",
    "timestamp" : 1487783575000,
    "sentence_accessed" : 326,
    "created" : null,
    "updated" : null
  }, {
    "name" : "35912.xmi",
    "user" : "anno4",
    "state" : "FINISHED",
    "timestamp" : 1485255189000,
    "sentence_accessed" : 314,
    "created" : null,
    "updated" : null
  }, {
    "name" : "35912.xmi",
    "user" : "anno2",
    "state" : "NEW",
    "timestamp" : null,
    "sentence_accessed" : 0,
    "created" : null,
    "updated" : null
  }, {
    "name" : "36091.xmi",
    "user" : "anno1",
    "state" : "IN_PROGRESS",
    "timestamp" : null,
    "sentence_accessed" : 0,
    "created" : null,
    "updated" : null
  }, {
    "name" : "36091.xmi",
    "user" : "anno3",
    "state" : "FINISHED",
    "timestamp" : 1488271988000,
    "sentence_accessed" : 214,
    "created" : null,
    "updated" : null
  }, {
    "name" : "36091.xmi",
    "user" : "anno4",
    "state" : "FINISHED",
    "timestamp" : 1485948463000,
    "sentence_accessed" : 112,
    "created" : null,
    "updated" : null
  }, {
    "name" : "36091.xmi",
    "user" : "anno2",
    "state" : "NEW",
    "timestamp" : null,
    "sentence_accessed" : 0,
    "created" : null,
    "updated" : null
  }, {
    "name" : "36374.xmi",
    "user" : "anno1",
    "state" : "IN_PROGRESS",
    "timestamp" : null,
    "sentence_accessed" : 0,
    "created" : null,
    "updated" : null
  }, {
    "name" : "36374.xmi",
    "user" : "anno3",
    "state" : "FINISHED",
    "timestamp" : 1488909925000,
    "sentence_accessed" : 1164,
    "created" : null,
    "updated" : null
  }, {
    "name" : "36374.xmi",
    "user" : "anno4",
    "state" : "IN_PROGRESS",
    "timestamp" : 1488291720000,
    "sentence_accessed" : 457,
    "created" : null,
    "updated" : null
  }, {
    "name" : "36374.xmi",
    "user" : "anno2",
    "state" : "NEW",
    "timestamp" : null,
    "sentence_accessed" : 0,
    "created" : null,
    "updated" : null
  }, {
    "name" : "36872.xmi",
    "user" : "anno1",
    "state" : "IN_PROGRESS",
    "timestamp" : null,
    "sentence_accessed" : 0,
    "created" : null,
    "updated" : null
  }, {
    "name" : "36872.xmi",
    "user" : "anno3",
    "state" : "FINISHED",
    "timestamp" : 1488988632000,
    "sentence_accessed" : 120,
    "created" : null,
    "updated" : null
  }, {
    "name" : "36872.xmi",
    "user" : "anno4",
    "state" : "FINISHED",
    "timestamp" : 1485951823000,
    "sentence_accessed" : 111,
    "created" : null,
    "updated" : null
  }, {
    "name" : "36872.xmi",
    "user" : "anno2",
    "state" : "NEW",
    "timestamp" : null,
    "sentence_accessed" : 0,
    "created" : null,
    "updated" : null
  }, {
    "name" : "37127.xmi",
    "user" : "anno1",
    "state" : "IN_PROGRESS",
    "timestamp" : null,
    "sentence_accessed" : 0,
    "created" : null,
    "updated" : null
  }, {
    "name" : "37127.xmi",
    "user" : "anno3",
    "state" : "FINISHED",
    "timestamp" : 1490774260000,
    "sentence_accessed" : 298,
    "created" : null,
    "updated" : null
  }, {
    "name" : "37127.xmi",
    "user" : "anno4",
    "state" : "FINISHED",
    "timestamp" : 1486731970000,
    "sentence_accessed" : 298,
    "created" : null,
    "updated" : null
  }, {
    "name" : "37127.xmi",
    "user" : "anno2",
    "state" : "NEW",
    "timestamp" : null,
    "sentence_accessed" : 0,
    "created" : null,
    "updated" : null
  }, {
    "name" : "37418.xmi",
    "user" : "anno1",
    "state" : "IN_PROGRESS",
    "timestamp" : null,
    "sentence_accessed" : 0,
    "created" : null,
    "updated" : null
  }, {
    "name" : "37418.xmi",
    "user" : "anno3",
    "state" : "FINISHED",
    "timestamp" : 1490779505000,
    "sentence_accessed" : 324,
    "created" : null,
    "updated" : null
  }, {
    "name" : "37418.xmi",
    "user" : "anno4",
    "state" : "FINISHED",
    "timestamp" : 1488992234000,
    "sentence_accessed" : 321,
    "created" : null,
    "updated" : null
  }, {
    "name" : "37418.xmi",
    "user" : "anno2",
    "state" : "NEW",
    "timestamp" : null,
    "sentence_accessed" : 0,
    "created" : null,
    "updated" : null
  }, {
    "name" : "37421.xmi",
    "user" : "anno1",
    "state" : "IN_PROGRESS",
    "timestamp" : null,
    "sentence_accessed" : 0,
    "created" : null,
    "updated" : null
  }, {
    "name" : "37421.xmi",
    "user" : "anno3",
    "state" : "FINISHED",
    "timestamp" : 1490784054000,
    "sentence_accessed" : 349,
    "created" : null,
    "updated" : null
  }, {
    "name" : "37421.xmi",
    "user" : "anno4",
    "state" : "FINISHED",
    "timestamp" : 1487164939000,
    "sentence_accessed" : 325,
    "created" : null,
    "updated" : null
  }, {
    "name" : "37421.xmi",
    "user" : "anno2",
    "state" : "NEW",
    "timestamp" : null,
    "sentence_accessed" : 0,
    "created" : null,
    "updated" : null
  }, {
    "name" : "37948.xmi",
    "user" : "anno1",
    "state" : "IN_PROGRESS",
    "timestamp" : null,
    "sentence_accessed" : 0,
    "created" : null,
    "updated" : null
  }, {
    "name" : "37948.xmi",
    "user" : "anno3",
    "state" : "IN_PROGRESS",
    "timestamp" : 1490785508000,
    "sentence_accessed" : 19,
    "created" : null,
    "updated" : null
  }, {
    "name" : "37948.xmi",
    "user" : "anno4",
    "state" : "NEW",
    "timestamp" : null,
    "sentence_accessed" : 0,
    "created" : null,
    "updated" : null
  }, {
    "name" : "37948.xmi",
    "user" : "anno2",
    "state" : "NEW",
    "timestamp" : null,
    "sentence_accessed" : 0,
    "created" : null,
    "updated" : null
  }, {
    "name" : "39063.xmi",
    "user" : "anno1",
    "state" : "IN_PROGRESS",
    "timestamp" : null,
    "sentence_accessed" : 0,
    "created" : null,
    "updated" : null
  }, {
    "name" : "39063.xmi",
    "user" : "anno3",
    "state" : "NEW",
    "timestamp" : null,
    "sentence_accessed" : 0,
    "created" : null,
    "updated" : null
  }, {
    "name" : "39063.xmi",
    "user" : "anno4",
    "state" : "FINISHED",
    "timestamp" : 1487326646000,
    "sentence_accessed" : 138,
    "created" : null,
    "updated" : null
  }, {
    "name" : "39063.xmi",
    "user" : "anno2",
    "state" : "NEW",
    "timestamp" : null,
    "sentence_accessed" : 0,
    "created" : null,
    "updated" : null
  }, {
    "name" : "39167.xmi",
    "user" : "anno3",
    "state" : "NEW",
    "timestamp" : null,
    "sentence_accessed" : 0,
    "created" : null,
    "updated" : null
  }, {
    "name" : "39167.xmi",
    "user" : "anno1",
    "state" : "NEW",
    "timestamp" : null,
    "sentence_accessed" : 0,
    "created" : null,
    "updated" : null
  }, {
    "name" : "39167.xmi",
    "user" : "anno4",
    "state" : "FINISHED",
    "timestamp" : 1487760266000,
    "sentence_accessed" : 202,
    "created" : null,
    "updated" : null
  }, {
    "name" : "39167.xmi",
    "user" : "anno2",
    "state" : "NEW",
    "timestamp" : null,
    "sentence_accessed" : 0,
    "created" : null,
    "updated" : null
  }, {
    "name" : "39334.xmi",
    "user" : "anno1",
    "state" : "IN_PROGRESS",
    "timestamp" : null,
    "sentence_accessed" : 0,
    "created" : null,
    "updated" : null
  }, {
    "name" : "39334.xmi",
    "user" : "anno3",
    "state" : "NEW",
    "timestamp" : null,
    "sentence_accessed" : 0,
    "created" : null,
    "updated" : null
  }, {
    "name" : "39334.xmi",
    "user" : "anno4",
    "state" : "IN_PROGRESS",
    "timestamp" : 1488279611000,
    "sentence_accessed" : 38,
    "created" : null,
    "updated" : null
  }, {
    "name" : "39334.xmi",
    "user" : "anno2",
    "state" : "NEW",
    "timestamp" : null,
    "sentence_accessed" : 0,
    "created" : null,
    "updated" : null
  }, {
    "name" : "39750.xmi",
    "user" : "anno1",
    "state" : "IN_PROGRESS",
    "timestamp" : null,
    "sentence_accessed" : 0,
    "created" : null,
    "updated" : null
  }, {
    "name" : "39750.xmi",
    "user" : "anno3",
    "state" : "NEW",
    "timestamp" : null,
    "sentence_accessed" : 0,
    "created" : null,
    "updated" : null
  }, {
    "name" : "39750.xmi",
    "user" : "anno4",
    "state" : "NEW",
    "timestamp" : null,
    "sentence_accessed" : 0,
    "created" : null,
    "updated" : null
  }, {
    "name" : "39750.xmi",
    "user" : "anno2",
    "state" : "NEW",
    "timestamp" : null,
    "sentence_accessed" : 0,
    "created" : null,
    "updated" : null
  }, {
    "name" : "39798.xmi",
    "user" : "anno1",
    "state" : "IN_PROGRESS",
    "timestamp" : null,
    "sentence_accessed" : 0,
    "created" : null,
    "updated" : null
  }, {
    "name" : "39798.xmi",
    "user" : "anno3",
    "state" : "NEW",
    "timestamp" : null,
    "sentence_accessed" : 0,
    "created" : null,
    "updated" : null
  }, {
    "name" : "39798.xmi",
    "user" : "anno4",
    "state" : "FINISHED",
    "timestamp" : 1488988478000,
    "sentence_accessed" : 365,
    "created" : null,
    "updated" : null
  }, {
    "name" : "39798.xmi",
    "user" : "anno2",
    "state" : "NEW",
    "timestamp" : null,
    "sentence_accessed" : 0,
    "created" : null,
    "updated" : null
  }, {
    "name" : "40003.xmi",
    "user" : "anno3",
    "state" : "NEW",
    "timestamp" : null,
    "sentence_accessed" : 0,
    "created" : null,
    "updated" : null
  }, {
    "name" : "40003.xmi",
    "user" : "anno1",
    "state" : "NEW",
    "timestamp" : null,
    "sentence_accessed" : 0,
    "created" : null,
    "updated" : null
  }, {
    "name" : "40003.xmi",
    "user" : "anno4",
    "state" : "NEW",
    "timestamp" : null,
    "sentence_accessed" : 0,
    "created" : null,
    "updated" : null
  }, {
    "name" : "40003.xmi",
    "user" : "anno2",
    "state" : "NEW",
    "timestamp" : null,
    "sentence_accessed" : 0,
    "created" : null,
    "updated" : null
  }, {
    "name" : "40025.xmi",
    "user" : "anno1",
    "state" : "IN_PROGRESS",
    "timestamp" : null,
    "sentence_accessed" : 0,
    "created" : null,
    "updated" : null
  }, {
    "name" : "40025.xmi",
    "user" : "anno3",
    "state" : "NEW",
    "timestamp" : null,
    "sentence_accessed" : 0,
    "created" : null,
    "updated" : null
  }, {
    "name" : "40025.xmi",
    "user" : "anno4",
    "state" : "NEW",
    "timestamp" : null,
    "sentence_accessed" : 0,
    "created" : null,
    "updated" : null
  }, {
    "name" : "40025.xmi",
    "user" : "anno2",
    "state" : "NEW",
    "timestamp" : null,
    "sentence_accessed" : 0,
    "created" : null,
    "updated" : null
  }, {
    "name" : "41034.xmi",
    "user" : "anno1",
    "state" : "IN_PROGRESS",
    "timestamp" : null,
    "sentence_accessed" : 0,
    "created" : null,
    "updated" : null
  }, {
    "name" : "41034.xmi",
    "user" : "anno3",
    "state" : "IGNORE",
    "timestamp" : null,
    "sentence_accessed" : 0,
    "created" : null,
    "updated" : null
  }, {
    "name" : "41034.xmi",
    "user" : "anno4",
    "state" : "IGNORE",
    "timestamp" : null,
    "sentence_accessed" : 0,
    "created" : null,
    "updated" : null
  }, {
    "name" : "41034.xmi",
    "user" : "anno2",
    "state" : "NEW",
    "timestamp" : null,
    "sentence_accessed" : 0,
    "created" : null,
    "updated" : null
  }, {
    "name" : "41963.xmi",
    "user" : "anno1",
    "state" : "IN_PROGRESS",
    "timestamp" : null,
    "sentence_accessed" : 0,
    "created" : null,
    "updated" : null
  }, {
    "name" : "41963.xmi",
    "user" : "anno3",
    "state" : "NEW",
    "timestamp" : null,
    "sentence_accessed" : 0,
    "created" : null,
    "updated" : null
  }, {
    "name" : "41963.xmi",
    "user" : "anno4",
    "state" : "NEW",
    "timestamp" : null,
    "sentence_accessed" : 0,
    "created" : null,
    "updated" : null
  }, {
    "name" : "41963.xmi",
    "user" : "anno2",
    "state" : "NEW",
    "timestamp" : null,
    "sentence_accessed" : 0,
    "created" : null,
    "updated" : null
  }, {
    "name" : "41972.xmi",
    "user" : "anno1",
    "state" : "IN_PROGRESS",
    "timestamp" : null,
    "sentence_accessed" : 0,
    "created" : null,
    "updated" : null
  }, {
    "name" : "41972.xmi",
    "user" : "anno3",
    "state" : "NEW",
    "timestamp" : null,
    "sentence_accessed" : 0,
    "created" : null,
    "updated" : null
  }, {
    "name" : "41972.xmi",
    "user" : "anno4",
    "state" : "NEW",
    "timestamp" : null,
    "sentence_accessed" : 0,
    "created" : null,
    "updated" : null
  }, {
    "name" : "41972.xmi",
    "user" : "anno2",
    "state" : "NEW",
    "timestamp" : null,
    "sentence_accessed" : 0,
    "created" : null,
    "updated" : null
  }, {
    "name" : "42309.xmi",
    "user" : "anno1",
    "state" : "IN_PROGRESS",
    "timestamp" : null,
    "sentence_accessed" : 0,
    "created" : null,
    "updated" : null
  }, {
    "name" : "42309.xmi",
    "user" : "anno3",
    "state" : "NEW",
    "timestamp" : null,
    "sentence_accessed" : 0,
    "created" : null,
    "updated" : null
  }, {
    "name" : "42309.xmi",
    "user" : "anno4",
    "state" : "NEW",
    "timestamp" : null,
    "sentence_accessed" : 0,
    "created" : null,
    "updated" : null
  }, {
    "name" : "42309.xmi",
    "user" : "anno2",
    "state" : "NEW",
    "timestamp" : null,
    "sentence_accessed" : 0,
    "created" : null,
    "updated" : null
  }, {
    "name" : "43271.xmi",
    "user" : "anno1",
    "state" : "IN_PROGRESS",
    "timestamp" : null,
    "sentence_accessed" : 0,
    "created" : null,
    "updated" : null
  }, {
    "name" : "43271.xmi",
    "user" : "anno3",
    "state" : "NEW",
    "timestamp" : null,
    "sentence_accessed" : 0,
    "created" : null,
    "updated" : null
  }, {
    "name" : "43271.xmi",
    "user" : "anno4",
    "state" : "NEW",
    "timestamp" : null,
    "sentence_accessed" : 0,
    "created" : null,
    "updated" : null
  }, {
    "name" : "43271.xmi",
    "user" : "anno2",
    "state" : "NEW",
    "timestamp" : null,
    "sentence_accessed" : 0,
    "created" : null,
    "updated" : null
  }, {
    "name" : "43713.xmi",
    "user" : "anno1",
    "state" : "IN_PROGRESS",
    "timestamp" : null,
    "sentence_accessed" : 0,
    "created" : null,
    "updated" : null
  }, {
    "name" : "43713.xmi",
    "user" : "anno3",
    "state" : "NEW",
    "timestamp" : null,
    "sentence_accessed" : 0,
    "created" : null,
    "updated" : null
  }, {
    "name" : "43713.xmi",
    "user" : "anno4",
    "state" : "NEW",
    "timestamp" : null,
    "sentence_accessed" : 0,
    "created" : null,
    "updated" : null
  }, {
    "name" : "43713.xmi",
    "user" : "anno2",
    "state" : "NEW",
    "timestamp" : null,
    "sentence_accessed" : 0,
    "created" : null,
    "updated" : null
  }, {
    "name" : "45065.xmi",
    "user" : "anno1",
    "state" : "IN_PROGRESS",
    "timestamp" : null,
    "sentence_accessed" : 0,
    "created" : null,
    "updated" : null
  }, {
    "name" : "45065.xmi",
    "user" : "anno3",
    "state" : "NEW",
    "timestamp" : null,
    "sentence_accessed" : 0,
    "created" : null,
    "updated" : null
  }, {
    "name" : "45065.xmi",
    "user" : "anno4",
    "state" : "NEW",
    "timestamp" : null,
    "sentence_accessed" : 0,
    "created" : null,
    "updated" : null
  }, {
    "name" : "45065.xmi",
    "user" : "anno2",
    "state" : "NEW",
    "timestamp" : null,
    "sentence_accessed" : 0,
    "created" : null,
    "updated" : null
  }, {
    "name" : "45074.xmi",
    "user" : "anno1",
    "state" : "IN_PROGRESS",
    "timestamp" : null,
    "sentence_accessed" : 0,
    "created" : null,
    "updated" : null
  }, {
    "name" : "45074.xmi",
    "user" : "anno3",
    "state" : "NEW",
    "timestamp" : null,
    "sentence_accessed" : 0,
    "created" : null,
    "updated" : null
  }, {
    "name" : "45074.xmi",
    "user" : "anno4",
    "state" : "NEW",
    "timestamp" : null,
    "sentence_accessed" : 0,
    "created" : null,
    "updated" : null
  }, {
    "name" : "45074.xmi",
    "user" : "anno2",
    "state" : "NEW",
    "timestamp" : null,
    "sentence_accessed" : 0,
    "created" : null,
    "updated" : null
  }, {
    "name" : "45102.xmi",
    "user" : "anno1",
    "state" : "IN_PROGRESS",
    "timestamp" : null,
    "sentence_accessed" : 0,
    "created" : null,
    "updated" : null
  }, {
    "name" : "45102.xmi",
    "user" : "anno3",
    "state" : "NEW",
    "timestamp" : null,
    "sentence_accessed" : 0,
    "created" : null,
    "updated" : null
  }, {
    "name" : "45102.xmi",
    "user" : "anno4",
    "state" : "NEW",
    "timestamp" : null,
    "sentence_accessed" : 0,
    "created" : null,
    "updated" : null
  }, {
    "name" : "45102.xmi",
    "user" : "anno2",
    "state" : "NEW",
    "timestamp" : null,
    "sentence_accessed" : 0,
    "created" : null,
    "updated" : null
  }, {
    "name" : "45144.xmi",
    "user" : "anno1",
    "state" : "IN_PROGRESS",
    "timestamp" : null,
    "sentence_accessed" : 0,
    "created" : null,
    "updated" : null
  }, {
    "name" : "45144.xmi",
    "user" : "anno3",
    "state" : "NEW",
    "timestamp" : null,
    "sentence_accessed" : 0,
    "created" : null,
    "updated" : null
  }, {
    "name" : "45144.xmi",
    "user" : "anno4",
    "state" : "NEW",
    "timestamp" : null,
    "sentence_accessed" : 0,
    "created" : null,
    "updated" : null
  }, {
    "name" : "45144.xmi",
    "user" : "anno2",
    "state" : "NEW",
    "timestamp" : null,
    "sentence_accessed" : 0,
    "created" : null,
    "updated" : null
  }, {
    "name" : "45248.xmi",
    "user" : "anno1",
    "state" : "IN_PROGRESS",
    "timestamp" : null,
    "sentence_accessed" : 0,
    "created" : null,
    "updated" : null
  }, {
    "name" : "45248.xmi",
    "user" : "anno3",
    "state" : "NEW",
    "timestamp" : null,
    "sentence_accessed" : 0,
    "created" : null,
    "updated" : null
  }, {
    "name" : "45248.xmi",
    "user" : "anno4",
    "state" : "NEW",
    "timestamp" : null,
    "sentence_accessed" : 0,
    "created" : null,
    "updated" : null
  }, {
    "name" : "45248.xmi",
    "user" : "anno2",
    "state" : "NEW",
    "timestamp" : null,
    "sentence_accessed" : 0,
    "created" : null,
    "updated" : null
  }, {
    "name" : "45290.xmi",
    "user" : "anno1",
    "state" : "IN_PROGRESS",
    "timestamp" : null,
    "sentence_accessed" : 0,
    "created" : null,
    "updated" : null
  }, {
    "name" : "45290.xmi",
    "user" : "anno3",
    "state" : "NEW",
    "timestamp" : null,
    "sentence_accessed" : 0,
    "created" : null,
    "updated" : null
  }, {
    "name" : "45290.xmi",
    "user" : "anno4",
    "state" : "NEW",
    "timestamp" : null,
    "sentence_accessed" : 0,
    "created" : null,
    "updated" : null
  }, {
    "name" : "45290.xmi",
    "user" : "anno2",
    "state" : "NEW",
    "timestamp" : null,
    "sentence_accessed" : 0,
    "created" : null,
    "updated" : null
  }, {
    "name" : "45300.xmi",
    "user" : "anno1",
    "state" : "IN_PROGRESS",
    "timestamp" : null,
    "sentence_accessed" : 0,
    "created" : null,
    "updated" : null
  }, {
    "name" : "45300.xmi",
    "user" : "anno3",
    "state" : "NEW",
    "timestamp" : null,
    "sentence_accessed" : 0,
    "created" : null,
    "updated" : null
  }, {
    "name" : "45300.xmi",
    "user" : "anno4",
    "state" : "NEW",
    "timestamp" : null,
    "sentence_accessed" : 0,
    "created" : null,
    "updated" : null
  }, {
    "name" : "45300.xmi",
    "user" : "anno2",
    "state" : "NEW",
    "timestamp" : null,
    "sentence_accessed" : 0,
    "created" : null,
    "updated" : null
  }, {
    "name" : "45382.xmi",
    "user" : "anno1",
    "state" : "IN_PROGRESS",
    "timestamp" : null,
    "sentence_accessed" : 0,
    "created" : null,
    "updated" : null
  }, {
    "name" : "45382.xmi",
    "user" : "anno3",
    "state" : "NEW",
    "timestamp" : null,
    "sentence_accessed" : 0,
    "created" : null,
    "updated" : null
  }, {
    "name" : "45382.xmi",
    "user" : "anno4",
    "state" : "NEW",
    "timestamp" : null,
    "sentence_accessed" : 0,
    "created" : null,
    "updated" : null
  }, {
    "name" : "45382.xmi",
    "user" : "anno2",
    "state" : "NEW",
    "timestamp" : null,
    "sentence_accessed" : 0,
    "created" : null,
    "updated" : null
  }, {
    "name" : "45385.xmi",
    "user" : "anno1",
    "state" : "IN_PROGRESS",
    "timestamp" : null,
    "sentence_accessed" : 0,
    "created" : null,
    "updated" : null
  }, {
    "name" : "45385.xmi",
    "user" : "anno3",
    "state" : "NEW",
    "timestamp" : null,
    "sentence_accessed" : 0,
    "created" : null,
    "updated" : null
  }, {
    "name" : "45385.xmi",
    "user" : "anno4",
    "state" : "NEW",
    "timestamp" : null,
    "sentence_accessed" : 0,
    "created" : null,
    "updated" : null
  }, {
    "name" : "45385.xmi",
    "user" : "anno2",
    "state" : "NEW",
    "timestamp" : null,
    "sentence_accessed" : 0,
    "created" : null,
    "updated" : null
  }, {
    "name" : "45391.xmi",
    "user" : "anno1",
    "state" : "IN_PROGRESS",
    "timestamp" : null,
    "sentence_accessed" : 0,
    "created" : null,
    "updated" : null
  }, {
    "name" : "45391.xmi",
    "user" : "anno3",
    "state" : "NEW",
    "timestamp" : null,
    "sentence_accessed" : 0,
    "created" : null,
    "updated" : null
  }, {
    "name" : "45391.xmi",
    "user" : "anno4",
    "state" : "NEW",
    "timestamp" : null,
    "sentence_accessed" : 0,
    "created" : null,
    "updated" : null
  }, {
    "name" : "45391.xmi",
    "user" : "anno2",
    "state" : "NEW",
    "timestamp" : null,
    "sentence_accessed" : 0,
    "created" : null,
    "updated" : null
  }, {
    "name" : "45555.xmi",
    "user" : "anno1",
    "state" : "IN_PROGRESS",
    "timestamp" : null,
    "sentence_accessed" : 0,
    "created" : null,
    "updated" : null
  }, {
    "name" : "45555.xmi",
    "user" : "anno3",
    "state" : "NEW",
    "timestamp" : null,
    "sentence_accessed" : 0,
    "created" : null,
    "updated" : null
  }, {
    "name" : "45555.xmi",
    "user" : "anno4",
    "state" : "NEW",
    "timestamp" : null,
    "sentence_accessed" : 0,
    "created" : null,
    "updated" : null
  }, {
    "name" : "45555.xmi",
    "user" : "anno2",
    "state" : "NEW",
    "timestamp" : null,
    "sentence_accessed" : 0,
    "created" : null,
    "updated" : null
  }, {
    "name" : "45558.xmi",
    "user" : "anno1",
    "state" : "IN_PROGRESS",
    "timestamp" : null,
    "sentence_accessed" : 0,
    "created" : null,
    "updated" : null
  }, {
    "name" : "45558.xmi",
    "user" : "anno3",
    "state" : "NEW",
    "timestamp" : null,
    "sentence_accessed" : 0,
    "created" : null,
    "updated" : null
  }, {
    "name" : "45558.xmi",
    "user" : "anno4",
    "state" : "NEW",
    "timestamp" : null,
    "sentence_accessed" : 0,
    "created" : null,
    "updated" : null
  }, {
    "name" : "45558.xmi",
    "user" : "anno2",
    "state" : "NEW",
    "timestamp" : null,
    "sentence_accessed" : 0,
    "created" : null,
    "updated" : null
  }, {
    "name" : "45663.xmi",
    "user" : "anno1",
    "state" : "IN_PROGRESS",
    "timestamp" : null,
    "sentence_accessed" : 0,
    "created" : null,
    "updated" : null
  }, {
    "name" : "45663.xmi",
    "user" : "anno3",
    "state" : "NEW",
    "timestamp" : null,
    "sentence_accessed" : 0,
    "created" : null,
    "updated" : null
  }, {
    "name" : "45663.xmi",
    "user" : "anno4",
    "state" : "NEW",
    "timestamp" : null,
    "sentence_accessed" : 0,
    "created" : null,
    "updated" : null
  }, {
    "name" : "45663.xmi",
    "user" : "anno2",
    "state" : "NEW",
    "timestamp" : null,
    "sentence_accessed" : 0,
    "created" : null,
    "updated" : null
  }, {
    "name" : "46954.xmi",
    "user" : "anno1",
    "state" : "IN_PROGRESS",
    "timestamp" : null,
    "sentence_accessed" : 0,
    "created" : null,
    "updated" : null
  }, {
    "name" : "46954.xmi",
    "user" : "anno3",
    "state" : "NEW",
    "timestamp" : null,
    "sentence_accessed" : 0,
    "created" : null,
    "updated" : null
  }, {
    "name" : "46954.xmi",
    "user" : "anno4",
    "state" : "NEW",
    "timestamp" : null,
    "sentence_accessed" : 0,
    "created" : null,
    "updated" : null
  }, {
    "name" : "46954.xmi",
    "user" : "anno2",
    "state" : "NEW",
    "timestamp" : null,
    "sentence_accessed" : 0,
    "created" : null,
    "updated" : null
  }, {
    "name" : "47128.xmi",
    "user" : "anno1",
    "state" : "IN_PROGRESS",
    "timestamp" : null,
    "sentence_accessed" : 0,
    "created" : null,
    "updated" : null
  }, {
    "name" : "47128.xmi",
    "user" : "anno3",
    "state" : "NEW",
    "timestamp" : null,
    "sentence_accessed" : 0,
    "created" : null,
    "updated" : null
  }, {
    "name" : "47128.xmi",
    "user" : "anno4",
    "state" : "NEW",
    "timestamp" : null,
    "sentence_accessed" : 0,
    "created" : null,
    "updated" : null
  }, {
    "name" : "47128.xmi",
    "user" : "anno2",
    "state" : "NEW",
    "timestamp" : null,
    "sentence_accessed" : 0,
    "created" : null,
    "updated" : null
  }, {
    "name" : "47906.xmi",
    "user" : "anno1",
    "state" : "IN_PROGRESS",
    "timestamp" : null,
    "sentence_accessed" : 0,
    "created" : null,
    "updated" : null
  }, {
    "name" : "47906.xmi",
    "user" : "anno3",
    "state" : "NEW",
    "timestamp" : null,
    "sentence_accessed" : 0,
    "created" : null,
    "updated" : null
  }, {
    "name" : "47906.xmi",
    "user" : "anno4",
    "state" : "NEW",
    "timestamp" : null,
    "sentence_accessed" : 0,
    "created" : null,
    "updated" : null
  }, {
    "name" : "47906.xmi",
    "user" : "anno2",
    "state" : "NEW",
    "timestamp" : null,
    "sentence_accessed" : 0,
    "created" : null,
    "updated" : null
  }, {
    "name" : "48295.xmi",
    "user" : "anno1",
    "state" : "IN_PROGRESS",
    "timestamp" : null,
    "sentence_accessed" : 0,
    "created" : null,
    "updated" : null
  }, {
    "name" : "48295.xmi",
    "user" : "anno3",
    "state" : "NEW",
    "timestamp" : null,
    "sentence_accessed" : 0,
    "created" : null,
    "updated" : null
  }, {
    "name" : "48295.xmi",
    "user" : "anno4",
    "state" : "NEW",
    "timestamp" : null,
    "sentence_accessed" : 0,
    "created" : null,
    "updated" : null
  }, {
    "name" : "48295.xmi",
    "user" : "anno2",
    "state" : "NEW",
    "timestamp" : null,
    "sentence_accessed" : 0,
    "created" : null,
    "updated" : null
  }, {
    "name" : "48384.xmi",
    "user" : "anno1",
    "state" : "IN_PROGRESS",
    "timestamp" : null,
    "sentence_accessed" : 0,
    "created" : null,
    "updated" : null
  }, {
    "name" : "48384.xmi",
    "user" : "anno3",
    "state" : "NEW",
    "timestamp" : null,
    "sentence_accessed" : 0,
    "created" : null,
    "updated" : null
  }, {
    "name" : "48384.xmi",
    "user" : "anno4",
    "state" : "NEW",
    "timestamp" : null,
    "sentence_accessed" : 0,
    "created" : null,
    "updated" : null
  }, {
    "name" : "48384.xmi",
    "user" : "anno2",
    "state" : "NEW",
    "timestamp" : null,
    "sentence_accessed" : 0,
    "created" : null,
    "updated" : null
  }, {
    "name" : "5863.xmi",
    "user" : "anno1",
    "state" : "IN_PROGRESS",
    "timestamp" : null,
    "sentence_accessed" : 0,
    "created" : null,
    "updated" : null
  }, {
    "name" : "5863.xmi",
    "user" : "anno3",
    "state" : "NEW",
    "timestamp" : null,
    "sentence_accessed" : 0,
    "created" : null,
    "updated" : null
  }, {
    "name" : "5863.xmi",
    "user" : "anno4",
    "state" : "NEW",
    "timestamp" : null,
    "sentence_accessed" : 0,
    "created" : null,
    "updated" : null
  }, {
    "name" : "5863.xmi",
    "user" : "anno2",
    "state" : "NEW",
    "timestamp" : null,
    "sentence_accessed" : 0,
    "created" : null,
    "updated" : null
  }, {
    "name" : "6717.xmi",
    "user" : "anno1",
    "state" : "IN_PROGRESS",
    "timestamp" : null,
    "sentence_accessed" : 0,
    "created" : null,
    "updated" : null
  }, {
    "name" : "6717.xmi",
    "user" : "anno3",
    "state" : "NEW",
    "timestamp" : null,
    "sentence_accessed" : 0,
    "created" : null,
    "updated" : null
  }, {
    "name" : "6717.xmi",
    "user" : "anno4",
    "state" : "NEW",
    "timestamp" : null,
    "sentence_accessed" : 0,
    "created" : null,
    "updated" : null
  }, {
    "name" : "6717.xmi",
    "user" : "anno2",
    "state" : "NEW",
    "timestamp" : null,
    "sentence_accessed" : 0,
    "created" : null,
    "updated" : null
  }, {
    "name" : "6860.xmi",
    "user" : "anno1",
    "state" : "IN_PROGRESS",
    "timestamp" : null,
    "sentence_accessed" : 0,
    "created" : null,
    "updated" : null
  }, {
    "name" : "6860.xmi",
    "user" : "anno3",
    "state" : "IGNORE",
    "timestamp" : null,
    "sentence_accessed" : 0,
    "created" : null,
    "updated" : null
  }, {
    "name" : "6860.xmi",
    "user" : "anno4",
    "state" : "IGNORE",
    "timestamp" : null,
    "sentence_accessed" : 0,
    "created" : null,
    "updated" : null
  }, {
    "name" : "6860.xmi",
    "user" : "anno2",
    "state" : "NEW",
    "timestamp" : null,
    "sentence_accessed" : 0,
    "created" : null,
    "updated" : null
  }, {
    "name" : "6864.xmi",
    "user" : "anno3",
    "state" : "NEW",
    "timestamp" : null,
    "sentence_accessed" : 0,
    "created" : null,
    "updated" : null
  }, {
    "name" : "6864.xmi",
    "user" : "anno1",
    "state" : "NEW",
    "timestamp" : null,
    "sentence_accessed" : 0,
    "created" : null,
    "updated" : null
  }, {
    "name" : "6864.xmi",
    "user" : "anno4",
    "state" : "NEW",
    "timestamp" : null,
    "sentence_accessed" : 0,
    "created" : null,
    "updated" : null
  }, {
    "name" : "6864.xmi",
    "user" : "anno2",
    "state" : "NEW",
    "timestamp" : null,
    "sentence_accessed" : 0,
    "created" : null,
    "updated" : null
  }, {
    "name" : "6961.xmi",
    "user" : "anno1",
    "state" : "IN_PROGRESS",
    "timestamp" : null,
    "sentence_accessed" : 0,
    "created" : null,
    "updated" : null
  }, {
    "name" : "6961.xmi",
    "user" : "anno3",
    "state" : "NEW",
    "timestamp" : null,
    "sentence_accessed" : 0,
    "created" : null,
    "updated" : null
  }, {
    "name" : "6961.xmi",
    "user" : "anno4",
    "state" : "NEW",
    "timestamp" : null,
    "sentence_accessed" : 0,
    "created" : null,
    "updated" : null
  }, {
    "name" : "6961.xmi",
    "user" : "anno2",
    "state" : "NEW",
    "timestamp" : null,
    "sentence_accessed" : 0,
    "created" : null,
    "updated" : null
  }, {
    "name" : "6963.xmi",
    "user" : "anno1",
    "state" : "IN_PROGRESS",
    "timestamp" : null,
    "sentence_accessed" : 0,
    "created" : null,
    "updated" : null
  }, {
    "name" : "6963.xmi",
    "user" : "anno3",
    "state" : "IGNORE",
    "timestamp" : null,
    "sentence_accessed" : 0,
    "created" : null,
    "updated" : null
  }, {
    "name" : "6963.xmi",
    "user" : "anno4",
    "state" : "IGNORE",
    "timestamp" : null,
    "sentence_accessed" : 0,
    "created" : null,
    "updated" : null
  }, {
    "name" : "6963.xmi",
    "user" : "anno2",
    "state" : "NEW",
    "timestamp" : null,
    "sentence_accessed" : 0,
    "created" : null,
    "updated" : null
  }, {
    "name" : "7098.xmi",
    "user" : "anno1",
    "state" : "IN_PROGRESS",
    "timestamp" : null,
    "sentence_accessed" : 0,
    "created" : null,
    "updated" : null
  }, {
    "name" : "7098.xmi",
    "user" : "anno3",
    "state" : "NEW",
    "timestamp" : null,
    "sentence_accessed" : 0,
    "created" : null,
    "updated" : null
  }, {
    "name" : "7098.xmi",
    "user" : "anno4",
    "state" : "NEW",
    "timestamp" : null,
    "sentence_accessed" : 0,
    "created" : null,
    "updated" : null
  }, {
    "name" : "7098.xmi",
    "user" : "anno2",
    "state" : "NEW",
    "timestamp" : null,
    "sentence_accessed" : 0,
    "created" : null,
    "updated" : null
  } ],
  "project_permissions" : [ {
    "level" : "ADMIN",
    "user" : "anno1"
  }, {
    "level" : "CURATOR",
    "user" : "anno1"
  }, {
    "level" : "USER",
    "user" : "anno1"
  }, {
    "level" : "ADMIN",
    "user" : "anno2"
  }, {
    "level" : "CURATOR",
    "user" : "anno2"
  }, {
    "level" : "USER",
    "user" : "anno2"
  }, {
    "level" : "USER",
    "user" : "anno3"
  }, {
    "level" : "USER",
    "user" : "anno4"
  } ],
  "tag_sets" : [ {
    "name" : "Metainf",
    "typeUiName" : null,
    "description" : "additional information for NE tags",
    "language" : "de",
    "type" : null,
    "type_name" : null,
    "type_description" : null,
    "tags" : [ {
      "tag_name" : "evt",
      "tag_description" : "events"
    }, {
      "tag_name" : "gov",
      "tag_description" : "governmental/administrative"
    }, {
      "tag_name" : "grp",
      "tag_description" : "groups"
    }, {
      "tag_name" : "ind",
      "tag_description" : "individual"
    }, {
      "tag_name" : "med",
      "tag_description" : "media"
    }, {
      "tag_name" : "off",
      "tag_description" : "official texts/laws/principles"
    }, {
      "tag_name" : "oth",
      "tag_description" : "other"
    }, {
      "tag_name" : "par",
      "tag_description" : "political parties"
    }, {
      "tag_name" : "res",
      "tag_description" : "research issues/methods/fields"
    }, {
      "tag_name" : "sci",
      "tag_description" : "scientific"
    }, {
      "tag_name" : "the",
      "tag_description" : "theoretical"
    } ],
    "create_tag" : false
  }, {
    "name" : "Named Entity tags",
    "typeUiName" : null,
    "description" : "Named Entity annotation",
    "language" : "de",
    "type" : null,
    "type_name" : null,
    "type_description" : null,
    "tags" : [ {
      "tag_name" : "LOC",
      "tag_description" : "Location"
    }, {
      "tag_name" : "ORG",
      "tag_description" : "Organization"
    }, {
      "tag_name" : "OTH",
      "tag_description" : "Other"
    }, {
      "tag_name" : "PER",
      "tag_description" : "Person"
    }, {
      "tag_name" : "SUB",
      "tag_description" : "research subjects - theoretical issues, methods or fields"
    } ],
    "create_tag" : false
  } ],
  "layers" : [ {
    "name" : "de.tudarmstadt.ukp.dkpro.core.api.syntax.type.chunk.Chunk",
    "features" : [ {
      "name" : "chunkValue",
      "tag_set" : null,
      "uiName" : "Tag",
      "type" : "uima.cas.String",
      "enabled" : true,
      "visible" : true,
      "include_in_hover" : false,
      "required" : false,
      "remember" : false,
      "hideUnconstraintFeature" : false,
      "description" : "Chunk tag",
      "project_name" : "OMTD_NER",
      "multi_value_mode" : "NONE",
      "link_mode" : "NONE",
      "link_type_name" : null,
      "link_type_role_feature_name" : null,
      "link_type_target_feature_name" : null
    } ],
    "uiName" : "Chunk",
    "type" : "span",
    "description" : null,
    "enabled" : false,
    "built_in" : true,
    "readonly" : false,
    "attach_type" : null,
    "attach_feature" : null,
    "lock_to_token_offset" : false,
    "allow_stacking" : false,
    "cross_sentence" : false,
    "show_hover" : true,
    "multiple_tokens" : true,
    "project_name" : "OMTD_NER",
    "linked_list_behavior" : false,
    "on_click_javascript_action" : null
  }, {
    "name" : "de.tudarmstadt.ukp.dkpro.core.api.coref.type.Coreference",
    "features" : [ {
      "name" : "referenceRelation",
      "tag_set" : null,
      "uiName" : "referenceRelation",
      "type" : "uima.cas.String",
      "enabled" : true,
      "visible" : true,
      "include_in_hover" : false,
      "required" : false,
      "remember" : false,
      "hideUnconstraintFeature" : false,
      "description" : "Coreference relation",
      "project_name" : "OMTD_NER",
      "multi_value_mode" : "NONE",
      "link_mode" : "NONE",
      "link_type_name" : null,
      "link_type_role_feature_name" : null,
      "link_type_target_feature_name" : null
    }, {
      "name" : "referenceType",
      "tag_set" : null,
      "uiName" : "referenceType",
      "type" : "uima.cas.String",
      "enabled" : true,
      "visible" : true,
      "include_in_hover" : false,
      "required" : false,
      "remember" : false,
      "hideUnconstraintFeature" : false,
      "description" : "Coreference type",
      "project_name" : "OMTD_NER",
      "multi_value_mode" : "NONE",
      "link_mode" : "NONE",
      "link_type_name" : null,
      "link_type_role_feature_name" : null,
      "link_type_target_feature_name" : null
    } ],
    "uiName" : "Coreference",
    "type" : "chain",
    "description" : null,
    "enabled" : false,
    "built_in" : true,
    "readonly" : false,
    "attach_type" : null,
    "attach_feature" : null,
    "lock_to_token_offset" : false,
    "allow_stacking" : true,
    "cross_sentence" : true,
    "show_hover" : true,
    "multiple_tokens" : true,
    "project_name" : "OMTD_NER",
    "linked_list_behavior" : false,
    "on_click_javascript_action" : null
  }, {
    "name" : "webanno.custom.NamedEntity",
    "features" : [ {
      "name" : "value",
      "tag_set" : null,
      "uiName" : "entityType",
      "type" : "uima.cas.String",
      "enabled" : true,
      "visible" : true,
      "include_in_hover" : false,
      "required" : false,
      "remember" : false,
      "hideUnconstraintFeature" : false,
      "description" : "Named Entity type",
      "project_name" : "OMTD_NER",
      "multi_value_mode" : "NONE",
      "link_mode" : "NONE",
      "link_type_name" : null,
      "link_type_role_feature_name" : null,
      "link_type_target_feature_name" : null
    }, {
      "name" : "modifier",
      "tag_set" : {
        "name" : "Metainf",
        "typeUiName" : null,
        "description" : "additional information for NE tags",
        "language" : "de",
        "type" : null,
        "type_name" : null,
        "type_description" : null,
        "tags" : [ {
          "tag_name" : "evt",
          "tag_description" : "events"
        }, {
          "tag_name" : "gov",
          "tag_description" : "governmental/administrative"
        }, {
          "tag_name" : "grp",
          "tag_description" : "groups"
        }, {
          "tag_name" : "ind",
          "tag_description" : "individual"
        }, {
          "tag_name" : "med",
          "tag_description" : "media"
        }, {
          "tag_name" : "off",
          "tag_description" : "official texts/laws/principles"
        }, {
          "tag_name" : "oth",
          "tag_description" : "other"
        }, {
          "tag_name" : "par",
          "tag_description" : "political parties"
        }, {
          "tag_name" : "res",
          "tag_description" : "research issues/methods/fields"
        }, {
          "tag_name" : "sci",
          "tag_description" : "scientific"
        }, {
          "tag_name" : "the",
          "tag_description" : "theoretical"
        } ],
        "create_tag" : false
      },
      "uiName" : "modifier",
      "type" : "uima.cas.String",
      "enabled" : true,
      "visible" : true,
      "include_in_hover" : false,
      "required" : false,
      "remember" : false,
      "hideUnconstraintFeature" : true,
      "description" : "Modifier for tag value",
      "project_name" : "OMTD_NER",
      "multi_value_mode" : "NONE",
      "link_mode" : "NONE",
      "link_type_name" : null,
      "link_type_role_feature_name" : null,
      "link_type_target_feature_name" : null
    } ],
    "uiName" : "CustomNamedEntity",
    "type" : "span",
    "description" : "Named Entities in the social sciences domain",
    "enabled" : true,
    "built_in" : false,
    "readonly" : false,
    "attach_type" : null,
    "attach_feature" : null,
    "lock_to_token_offset" : false,
    "allow_stacking" : true,
    "cross_sentence" : true,
    "show_hover" : true,
    "multiple_tokens" : true,
    "project_name" : "OMTD_NER",
    "linked_list_behavior" : false,
    "on_click_javascript_action" : null
  }, {
    "name" : "de.tudarmstadt.ukp.dkpro.core.api.syntax.type.dependency.Dependency",
    "features" : [ {
      "name" : "DependencyType",
      "tag_set" : null,
      "uiName" : "DependencyType",
      "type" : "uima.cas.String",
      "enabled" : true,
      "visible" : true,
      "include_in_hover" : false,
      "required" : false,
      "remember" : false,
      "hideUnconstraintFeature" : false,
      "description" : "Dependency relation",
      "project_name" : "OMTD_NER",
      "multi_value_mode" : "NONE",
      "link_mode" : "NONE",
      "link_type_name" : null,
      "link_type_role_feature_name" : null,
      "link_type_target_feature_name" : null
    } ],
    "uiName" : "Dependency",
    "type" : "relation",
    "description" : null,
    "enabled" : false,
    "built_in" : true,
    "readonly" : false,
    "attach_type" : {
      "name" : "de.tudarmstadt.ukp.dkpro.core.api.segmentation.type.Token",
      "features" : [ {
        "name" : "lemma",
        "tag_set" : null,
        "uiName" : "lemma",
        "type" : "de.tudarmstadt.ukp.dkpro.core.api.segmentation.type.Lemma",
        "enabled" : true,
        "visible" : true,
        "include_in_hover" : false,
        "required" : false,
        "remember" : false,
        "hideUnconstraintFeature" : false,
        "description" : null,
        "project_name" : "OMTD_NER",
        "multi_value_mode" : "NONE",
        "link_mode" : "NONE",
        "link_type_name" : null,
        "link_type_role_feature_name" : null,
        "link_type_target_feature_name" : null
      }, {
        "name" : "pos",
        "tag_set" : null,
        "uiName" : "pos",
        "type" : "de.tudarmstadt.ukp.dkpro.core.api.lexmorph.type.pos.POS",
        "enabled" : true,
        "visible" : true,
        "include_in_hover" : false,
        "required" : false,
        "remember" : false,
        "hideUnconstraintFeature" : false,
        "description" : null,
        "project_name" : "OMTD_NER",
        "multi_value_mode" : "NONE",
        "link_mode" : "NONE",
        "link_type_name" : null,
        "link_type_role_feature_name" : null,
        "link_type_target_feature_name" : null
      } ],
      "uiName" : "Token",
      "type" : "span",
      "description" : null,
      "enabled" : true,
      "built_in" : true,
      "readonly" : false,
      "attach_type" : null,
      "attach_feature" : null,
      "lock_to_token_offset" : true,
      "allow_stacking" : false,
      "cross_sentence" : false,
      "show_hover" : true,
      "multiple_tokens" : false,
      "project_name" : "OMTD_NER",
      "linked_list_behavior" : false,
      "on_click_javascript_action" : null
    },
    "attach_feature" : null,
    "lock_to_token_offset" : true,
    "allow_stacking" : false,
    "cross_sentence" : false,
    "show_hover" : true,
    "multiple_tokens" : false,
    "project_name" : "OMTD_NER",
    "linked_list_behavior" : false,
    "on_click_javascript_action" : null
  }, {
    "name" : "de.tudarmstadt.ukp.dkpro.core.api.segmentation.type.Lemma",
    "features" : [ {
      "name" : "value",
      "tag_set" : null,
      "uiName" : "Lemma value",
      "type" : "uima.cas.String",
      "enabled" : true,
      "visible" : true,
      "include_in_hover" : false,
      "required" : false,
      "remember" : false,
      "hideUnconstraintFeature" : false,
      "description" : "lemma Annotation",
      "project_name" : "OMTD_NER",
      "multi_value_mode" : "NONE",
      "link_mode" : "NONE",
      "link_type_name" : null,
      "link_type_role_feature_name" : null,
      "link_type_target_feature_name" : null
    } ],
    "uiName" : "Lemma",
    "type" : "span",
    "description" : null,
    "enabled" : false,
    "built_in" : true,
    "readonly" : false,
    "attach_type" : {
      "name" : "de.tudarmstadt.ukp.dkpro.core.api.segmentation.type.Token",
      "features" : [ {
        "name" : "lemma",
        "tag_set" : null,
        "uiName" : "lemma",
        "type" : "de.tudarmstadt.ukp.dkpro.core.api.segmentation.type.Lemma",
        "enabled" : true,
        "visible" : true,
        "include_in_hover" : false,
        "required" : false,
        "remember" : false,
        "hideUnconstraintFeature" : false,
        "description" : null,
        "project_name" : "OMTD_NER",
        "multi_value_mode" : "NONE",
        "link_mode" : "NONE",
        "link_type_name" : null,
        "link_type_role_feature_name" : null,
        "link_type_target_feature_name" : null
      }, {
        "name" : "pos",
        "tag_set" : null,
        "uiName" : "pos",
        "type" : "de.tudarmstadt.ukp.dkpro.core.api.lexmorph.type.pos.POS",
        "enabled" : true,
        "visible" : true,
        "include_in_hover" : false,
        "required" : false,
        "remember" : false,
        "hideUnconstraintFeature" : false,
        "description" : null,
        "project_name" : "OMTD_NER",
        "multi_value_mode" : "NONE",
        "link_mode" : "NONE",
        "link_type_name" : null,
        "link_type_role_feature_name" : null,
        "link_type_target_feature_name" : null
      } ],
      "uiName" : "Token",
      "type" : "span",
      "description" : null,
      "enabled" : true,
      "built_in" : true,
      "readonly" : false,
      "attach_type" : null,
      "attach_feature" : null,
      "lock_to_token_offset" : true,
      "allow_stacking" : false,
      "cross_sentence" : false,
      "show_hover" : true,
      "multiple_tokens" : false,
      "project_name" : "OMTD_NER",
      "linked_list_behavior" : false,
      "on_click_javascript_action" : null
    },
    "attach_feature" : null,
    "lock_to_token_offset" : true,
    "allow_stacking" : false,
    "cross_sentence" : false,
    "show_hover" : true,
    "multiple_tokens" : false,
    "project_name" : "OMTD_NER",
    "linked_list_behavior" : false,
    "on_click_javascript_action" : null
  }, {
    "name" : "de.tudarmstadt.ukp.dkpro.core.api.ner.type.NamedEntity",
    "features" : [ {
      "name" : "value",
      "tag_set" : {
        "name" : "Named Entity tags",
        "typeUiName" : null,
        "description" : "Named Entity annotation",
        "language" : "de",
        "type" : null,
        "type_name" : null,
        "type_description" : null,
        "tags" : [ {
          "tag_name" : "LOC",
          "tag_description" : "Location"
        }, {
          "tag_name" : "ORG",
          "tag_description" : "Organization"
        }, {
          "tag_name" : "OTH",
          "tag_description" : "Other"
        }, {
          "tag_name" : "PER",
          "tag_description" : "Person"
        }, {
          "tag_name" : "SUB",
          "tag_description" : "research subjects - theoretical issues, methods or fields"
        } ],
        "create_tag" : false
      },
      "uiName" : "value",
      "type" : "uima.cas.String",
      "enabled" : true,
      "visible" : true,
      "include_in_hover" : false,
      "required" : false,
      "remember" : false,
      "hideUnconstraintFeature" : false,
      "description" : "Named entity type",
      "project_name" : "OMTD_NER",
      "multi_value_mode" : "NONE",
      "link_mode" : "NONE",
      "link_type_name" : null,
      "link_type_role_feature_name" : null,
      "link_type_target_feature_name" : null
    } ],
    "uiName" : "Named Entity",
    "type" : "span",
    "description" : null,
    "enabled" : false,
    "built_in" : true,
    "readonly" : false,
    "attach_type" : null,
    "attach_feature" : null,
    "lock_to_token_offset" : false,
    "allow_stacking" : true,
    "cross_sentence" : false,
    "show_hover" : true,
    "multiple_tokens" : true,
    "project_name" : "OMTD_NER",
    "linked_list_behavior" : false,
    "on_click_javascript_action" : null
  }, {
    "name" : "de.tudarmstadt.ukp.dkpro.core.api.lexmorph.type.pos.POS",
    "features" : [ {
      "name" : "PosValue",
      "tag_set" : null,
      "uiName" : "PosValue",
      "type" : "uima.cas.String",
      "enabled" : true,
      "visible" : true,
      "include_in_hover" : false,
      "required" : false,
      "remember" : false,
      "hideUnconstraintFeature" : false,
      "description" : "Part-of-speech tag",
      "project_name" : "OMTD_NER",
      "multi_value_mode" : "NONE",
      "link_mode" : "NONE",
      "link_type_name" : null,
      "link_type_role_feature_name" : null,
      "link_type_target_feature_name" : null
    } ],
    "uiName" : "POS",
    "type" : "span",
    "description" : null,
    "enabled" : false,
    "built_in" : true,
    "readonly" : false,
    "attach_type" : {
      "name" : "de.tudarmstadt.ukp.dkpro.core.api.segmentation.type.Token",
      "features" : [ {
        "name" : "lemma",
        "tag_set" : null,
        "uiName" : "lemma",
        "type" : "de.tudarmstadt.ukp.dkpro.core.api.segmentation.type.Lemma",
        "enabled" : true,
        "visible" : true,
        "include_in_hover" : false,
        "required" : false,
        "remember" : false,
        "hideUnconstraintFeature" : false,
        "description" : null,
        "project_name" : "OMTD_NER",
        "multi_value_mode" : "NONE",
        "link_mode" : "NONE",
        "link_type_name" : null,
        "link_type_role_feature_name" : null,
        "link_type_target_feature_name" : null
      }, {
        "name" : "pos",
        "tag_set" : null,
        "uiName" : "pos",
        "type" : "de.tudarmstadt.ukp.dkpro.core.api.lexmorph.type.pos.POS",
        "enabled" : true,
        "visible" : true,
        "include_in_hover" : false,
        "required" : false,
        "remember" : false,
        "hideUnconstraintFeature" : false,
        "description" : null,
        "project_name" : "OMTD_NER",
        "multi_value_mode" : "NONE",
        "link_mode" : "NONE",
        "link_type_name" : null,
        "link_type_role_feature_name" : null,
        "link_type_target_feature_name" : null
      } ],
      "uiName" : "Token",
      "type" : "span",
      "description" : null,
      "enabled" : true,
      "built_in" : true,
      "readonly" : false,
      "attach_type" : null,
      "attach_feature" : null,
      "lock_to_token_offset" : true,
      "allow_stacking" : false,
      "cross_sentence" : false,
      "show_hover" : true,
      "multiple_tokens" : false,
      "project_name" : "OMTD_NER",
      "linked_list_behavior" : false,
      "on_click_javascript_action" : null
    },
    "attach_feature" : null,
    "lock_to_token_offset" : true,
    "allow_stacking" : false,
    "cross_sentence" : false,
    "show_hover" : true,
    "multiple_tokens" : false,
    "project_name" : "OMTD_NER",
    "linked_list_behavior" : false,
    "on_click_javascript_action" : null
  }, {
    "name" : "webanno.custom.Reference",
    "features" : [ {
      "name" : "refId",
      "tag_set" : null,
      "uiName" : "refId",
      "type" : "uima.cas.String",
      "enabled" : true,
      "visible" : true,
      "include_in_hover" : false,
      "required" : false,
      "remember" : false,
      "hideUnconstraintFeature" : false,
      "description" : null,
      "project_name" : "OMTD_NER",
      "multi_value_mode" : "NONE",
      "link_mode" : "NONE",
      "link_type_name" : null,
      "link_type_role_feature_name" : null,
      "link_type_target_feature_name" : null
    }, {
      "name" : "refType",
      "tag_set" : null,
      "uiName" : "refType",
      "type" : "uima.cas.String",
      "enabled" : true,
      "visible" : true,
      "include_in_hover" : false,
      "required" : false,
      "remember" : false,
      "hideUnconstraintFeature" : false,
      "description" : null,
      "project_name" : "OMTD_NER",
      "multi_value_mode" : "NONE",
      "link_mode" : "NONE",
      "link_type_name" : null,
      "link_type_role_feature_name" : null,
      "link_type_target_feature_name" : null
    } ],
    "uiName" : "Reference",
    "type" : "span",
    "description" : null,
    "enabled" : true,
    "built_in" : false,
    "readonly" : false,
    "attach_type" : null,
    "attach_feature" : null,
    "lock_to_token_offset" : true,
    "allow_stacking" : false,
    "cross_sentence" : false,
    "show_hover" : true,
    "multiple_tokens" : false,
    "project_name" : "OMTD_NER",
    "linked_list_behavior" : false,
    "on_click_javascript_action" : null
  }, {
    "name" : "de.tudarmstadt.ukp.dkpro.core.api.segmentation.type.Token",
    "features" : [ {
      "name" : "lemma",
      "tag_set" : null,
      "uiName" : "lemma",
      "type" : "de.tudarmstadt.ukp.dkpro.core.api.segmentation.type.Lemma",
      "enabled" : true,
      "visible" : true,
      "include_in_hover" : false,
      "required" : false,
      "remember" : false,
      "hideUnconstraintFeature" : false,
      "description" : null,
      "project_name" : "OMTD_NER",
      "multi_value_mode" : "NONE",
      "link_mode" : "NONE",
      "link_type_name" : null,
      "link_type_role_feature_name" : null,
      "link_type_target_feature_name" : null
    }, {
      "name" : "pos",
      "tag_set" : null,
      "uiName" : "pos",
      "type" : "de.tudarmstadt.ukp.dkpro.core.api.lexmorph.type.pos.POS",
      "enabled" : true,
      "visible" : true,
      "include_in_hover" : false,
      "required" : false,
      "remember" : false,
      "hideUnconstraintFeature" : false,
      "description" : null,
      "project_name" : "OMTD_NER",
      "multi_value_mode" : "NONE",
      "link_mode" : "NONE",
      "link_type_name" : null,
      "link_type_role_feature_name" : null,
      "link_type_target_feature_name" : null
    } ],
    "uiName" : "Token",
    "type" : "span",
    "description" : null,
    "enabled" : true,
    "built_in" : true,
    "readonly" : false,
    "attach_type" : null,
    "attach_feature" : null,
    "lock_to_token_offset" : true,
    "allow_stacking" : false,
    "cross_sentence" : false,
    "show_hover" : true,
    "multiple_tokens" : false,
    "project_name" : "OMTD_NER",
    "linked_list_behavior" : false,
    "on_click_javascript_action" : null
  } ],
  "mira_templates" : [ ],
  "disableExport" : false,
  "script_direction" : "LTR",
  "created" : null,
  "updated" : null
}