#FORMAT=WebAnno TSV 3.2
#T_SP=de.tudarmstadt.ukp.dkpro.core.api.segmentation.type.Paragraph|
#T_SP=webanno.custom.Reference|refId|refType


#Text=Informal practices in Eastern and South-Eastern Europe: the shades of ambivalence : book review
1-1	0-8	Informal	*[1]	_	_	
1-2	9-18	practices	*[1]	_	_	
1-3	19-21	in	*[1]	_	_	
1-4	22-29	Eastern	*[1]	_	_	
1-5	30-33	and	*[1]	_	_	
1-6	34-47	South-Eastern	*[1]	_	_	
1-7	48-54	Europe	*[1]	_	_	
1-8	54-55	:	*[1]	_	_	
1-9	56-59	the	*[1]	_	_	
1-10	60-66	shades	*[1]	_	_	
1-11	67-69	of	*[1]	_	_	
1-12	70-81	ambivalence	*[1]	_	_	
1-13	82-83	:	*[1]	_	_	
1-14	84-88	book	*[1]	_	_	
1-15	89-95	review	*[1]	_	_	

#Text=Skriptaitė, Rūta Veröffentlichungsversion / Published Version Rezension / review Empfohlene Zitierung / Suggested Citation:
2-1	95-105	Skriptaitė	*[2]	_	_	
2-2	105-106	,	*[2]	_	_	
2-3	107-111	Rūta	*[2]	_	_	
2-4	112-136	Veröffentlichungsversion	*[2]	_	_	
2-5	137-138	/	*[2]	_	_	
2-6	139-148	Published	*[2]	_	_	
2-7	149-156	Version	*[2]	_	_	
2-8	157-166	Rezension	*[2]	_	_	
2-9	167-168	/	*[2]	_	_	
2-10	169-175	review	*[2]	_	_	
2-11	176-186	Empfohlene	*[2]	_	_	
2-12	187-196	Zitierung	*[2]	_	_	
2-13	197-198	/	*[2]	_	_	
2-14	199-208	Suggested	*[2]	_	_	
2-15	209-217	Citation	*[2]	_	_	
2-16	217-218	:	*[2]	_	_	

#Text=Nutzungsbedingungen: Terms of use: Dieser Text wird unter einer CC BY Lizenz (Namensnennung) zur This document is made available under Verfügung gestellt. Nähere Auskünfte zu den CC-Lizenzen finden (Attribution). For more Information see:
3-1	218-237	Nutzungsbedingungen	*[3]	_	_	
3-2	237-238	:	*[3]	_	_	
3-3	239-244	Terms	*[3]	_	_	
3-4	245-247	of	*[3]	_	_	
3-5	248-251	use	*[3]	_	_	
3-6	251-252	:	*[3]	_	_	
3-7	253-259	Dieser	*[3]	_	_	
3-8	260-264	Text	*[3]	_	_	
3-9	265-269	wird	*[3]	_	_	
3-10	270-275	unter	*[3]	_	_	
3-11	276-281	einer	*[3]	_	_	
3-12	282-284	CC	*[3]	_	_	
3-13	285-287	BY	*[3]	_	_	
3-14	288-294	Lizenz	*[3]	_	_	
3-15	295-296	(	*[3]	_	_	
3-16	296-309	Namensnennung	*[3]	_	_	
3-17	309-310	)	*[3]	_	_	
3-18	311-314	zur	*[3]	_	_	
3-19	315-319	This	*[3]	_	_	
3-20	320-328	document	*[3]	_	_	
3-21	329-331	is	*[3]	_	_	
3-22	332-336	made	*[3]	_	_	
3-23	337-346	available	*[3]	_	_	
3-24	347-352	under	*[3]	_	_	
3-25	353-362	Verfügung	*[3]	_	_	
3-26	363-371	gestellt	*[3]	_	_	
3-27	371-372	.	*[3]	_	_	
3-28	373-379	Nähere	*[3]	_	_	
3-29	380-389	Auskünfte	*[3]	_	_	
3-30	390-392	zu	*[3]	_	_	
3-31	393-396	den	*[3]	_	_	
3-32	397-408	CC-Lizenzen	*[3]	_	_	
3-33	409-415	finden	*[3]	_	_	
3-34	416-417	(	*[3]	_	_	
3-35	417-428	Attribution	*[3]	_	_	
3-36	428-429	)	*[3]	_	_	
3-37	429-430	.	*[3]	_	_	
3-38	431-434	For	*[3]	_	_	
3-39	435-439	more	*[3]	_	_	
3-40	440-451	Information	*[3]	_	_	
3-41	452-455	see	*[3]	_	_	
3-42	455-456	:	*[3]	_	_	

#Text=Book Review: Informal practices in Eastern and South-Eastern Europe: the shades of ambivalence R ū ta Skriptait ė *
4-1	456-460	Book	*[4]	_	_	
4-2	461-467	Review	*[4]	_	_	
4-3	467-468	:	*[4]	_	_	
4-4	469-477	Informal	*[4]	_	_	
4-5	478-487	practices	*[4]	_	_	
4-6	488-490	in	*[4]	_	_	
4-7	491-498	Eastern	*[4]	_	_	
4-8	499-502	and	*[4]	_	_	
4-9	503-516	South-Eastern	*[4]	_	_	
4-10	517-523	Europe	*[4]	_	_	
4-11	523-524	:	*[4]	_	_	
4-12	525-528	the	*[4]	_	_	
4-13	529-535	shades	*[4]	_	_	
4-14	536-538	of	*[4]	_	_	
4-15	539-550	ambivalence	*[4]	_	_	
4-16	551-552	R	*[4]	_	_	
4-17	553-554	ū	*[4]	_	_	
4-18	555-557	ta	*[4]	_	_	
4-19	558-567	Skriptait	*[4]	_	_	
4-20	568-569	ė	*[4]	_	_	
4-21	570-571	*	*[4]	_	_	

#Text=Informality in Eastern Europe.
5-1	571-582	Informality	*[5]	_	_	
5-2	583-585	in	*[5]	_	_	
5-3	586-593	Eastern	*[5]	_	_	
5-4	594-600	Europe	*[5]	_	_	
5-5	600-601	.	*[5]	_	_	

#Text=Structures, Political Cultures and Social Practices , Interdisciplinary Studies on Central and Eastern Europe Vol.
6-1	601-611	Structures	*[5]	_	_	
6-2	611-612	,	*[5]	_	_	
6-3	613-622	Political	*[5]	_	_	
6-4	623-631	Cultures	*[5]	_	_	
6-5	632-635	and	*[5]	_	_	
6-6	636-642	Social	*[5]	_	_	
6-7	643-652	Practices	*[5]	_	_	
6-8	653-654	,	*[5]	_	_	
6-9	655-672	Interdisciplinary	*[5]	_	_	
6-10	673-680	Studies	*[5]	_	_	
6-11	681-683	on	*[5]	_	_	
6-12	684-691	Central	*[5]	_	_	
6-13	692-695	and	*[5]	_	_	
6-14	696-703	Eastern	*[5]	_	_	
6-15	704-710	Europe	*[5]	_	_	
6-16	711-714	Vol	*[5]	_	_	
6-17	714-715	.	*[5]	_	_	

#Text=11, edited by Christian Giordano, Nicolas Hayoz and Jens Herlth.
7-1	715-717	11	*[5]	_	_	
7-2	717-718	,	*[5]	_	_	
7-3	719-725	edited	*[5]	_	_	
7-4	726-728	by	*[5]	_	_	
7-5	729-738	Christian	*[5]	_	_	
7-6	739-747	Giordano	*[5]	_	_	
7-7	747-748	,	*[5]	_	_	
7-8	749-756	Nicolas	*[5]	_	_	
7-9	757-762	Hayoz	*[5]	_	_	
7-10	763-766	and	*[5]	_	_	
7-11	767-771	Jens	*[5]	_	_	
7-12	772-778	Herlth	*[5]	_	_	
7-13	778-779	.	*[5]	_	_	

#Text=In spite of a growing interest towards informal practices during the last decade, the majority of research on informality does not escape the paradigms of otherness.
8-1	779-781	In	*[6]	_	_	
8-2	782-787	spite	*[6]	_	_	
8-3	788-790	of	*[6]	_	_	
8-4	791-792	a	*[6]	_	_	
8-5	793-800	growing	*[6]	_	_	
8-6	801-809	interest	*[6]	_	_	
8-7	810-817	towards	*[6]	_	_	
8-8	818-826	informal	*[6]	_	_	
8-9	827-836	practices	*[6]	_	_	
8-10	837-843	during	*[6]	_	_	
8-11	844-847	the	*[6]	_	_	
8-12	848-852	last	*[6]	_	_	
8-13	853-859	decade	*[6]	_	_	
8-14	859-860	,	*[6]	_	_	
8-15	861-864	the	*[6]	_	_	
8-16	865-873	majority	*[6]	_	_	
8-17	874-876	of	*[6]	_	_	
8-18	877-885	research	*[6]	_	_	
8-19	886-888	on	*[6]	_	_	
8-20	889-900	informality	*[6]	_	_	
8-21	901-905	does	*[6]	_	_	
8-22	906-909	not	*[6]	_	_	
8-23	910-916	escape	*[6]	_	_	
8-24	917-920	the	*[6]	_	_	
8-25	921-930	paradigms	*[6]	_	_	
8-26	931-933	of	*[6]	_	_	
8-27	934-943	otherness	*[6]	_	_	
8-28	943-944	.	*[6]	_	_	

#Text=Informal practices are associated with archaic traditions or particular regions, such as Asia or Eastern Europe.
9-1	944-952	Informal	*[6]	_	_	
9-2	953-962	practices	*[6]	_	_	
9-3	963-966	are	*[6]	_	_	
9-4	967-977	associated	*[6]	_	_	
9-5	978-982	with	*[6]	_	_	
9-6	983-990	archaic	*[6]	_	_	
9-7	991-1001	traditions	*[6]	_	_	
9-8	1002-1004	or	*[6]	_	_	
9-9	1005-1015	particular	*[6]	_	_	
9-10	1016-1023	regions	*[6]	_	_	
9-11	1023-1024	,	*[6]	_	_	
9-12	1025-1029	such	*[6]	_	_	
9-13	1030-1032	as	*[6]	_	_	
9-14	1033-1037	Asia	*[6]	_	_	
9-15	1038-1040	or	*[6]	_	_	
9-16	1041-1048	Eastern	*[6]	_	_	
9-17	1049-1055	Europe	*[6]	_	_	
9-18	1055-1056	.	*[6]	_	_	

#Text=These practices are regarded as a sign of backwardness, as they hinder the development of political and economic institutions.
10-1	1056-1061	These	*[6]	_	_	
10-2	1062-1071	practices	*[6]	_	_	
10-3	1072-1075	are	*[6]	_	_	
10-4	1076-1084	regarded	*[6]	_	_	
10-5	1085-1087	as	*[6]	_	_	
10-6	1088-1089	a	*[6]	_	_	
10-7	1090-1094	sign	*[6]	_	_	
10-8	1095-1097	of	*[6]	_	_	
10-9	1098-1110	backwardness	*[6]	_	_	
10-10	1110-1111	,	*[6]	_	_	
10-11	1112-1114	as	*[6]	_	_	
10-12	1115-1119	they	*[6]	_	_	
10-13	1120-1126	hinder	*[6]	_	_	
10-14	1127-1130	the	*[6]	_	_	
10-15	1131-1142	development	*[6]	_	_	
10-16	1143-1145	of	*[6]	_	_	
10-17	1146-1155	political	*[6]	_	_	
10-18	1156-1159	and	*[6]	_	_	
10-19	1160-1168	economic	*[6]	_	_	
10-20	1169-1181	institutions	*[6]	_	_	
10-21	1181-1182	.	*[6]	_	_	

#Text=Such West-centred approaches are driven by the duty to help the regions to get on the right path.
11-1	1182-1186	Such	*[6]	_	_	
11-2	1187-1199	West-centred	*[6]	_	_	
11-3	1200-1210	approaches	*[6]	_	_	
11-4	1211-1214	are	*[6]	_	_	
11-5	1215-1221	driven	*[6]	_	_	
11-6	1222-1224	by	*[6]	_	_	
11-7	1225-1228	the	*[6]	_	_	
11-8	1229-1233	duty	*[6]	_	_	
11-9	1234-1236	to	*[6]	_	_	
11-10	1237-1241	help	*[6]	_	_	
11-11	1242-1245	the	*[6]	_	_	
11-12	1246-1253	regions	*[6]	_	_	
11-13	1254-1256	to	*[6]	_	_	
11-14	1257-1260	get	*[6]	_	_	
11-15	1261-1263	on	*[6]	_	_	
11-16	1264-1267	the	*[6]	_	_	
11-17	1268-1273	right	*[6]	_	_	
11-18	1274-1278	path	*[6]	_	_	
11-19	1278-1279	.	*[6]	_	_	

#Text=However, it is often forgotten that the road to the development of formal institutions in mature democracies took many years of blood and violence and that there is no one size fi ts all recipe for a well-functioning society.
12-1	1279-1286	However	*[6]	_	_	
12-2	1286-1287	,	*[6]	_	_	
12-3	1288-1290	it	*[6]	_	_	
12-4	1291-1293	is	*[6]	_	_	
12-5	1294-1299	often	*[6]	_	_	
12-6	1300-1309	forgotten	*[6]	_	_	
12-7	1310-1314	that	*[6]	_	_	
12-8	1315-1318	the	*[6]	_	_	
12-9	1319-1323	road	*[6]	_	_	
12-10	1324-1326	to	*[6]	_	_	
12-11	1327-1330	the	*[6]	_	_	
12-12	1331-1342	development	*[6]	_	_	
12-13	1343-1345	of	*[6]	_	_	
12-14	1346-1352	formal	*[6]	_	_	
12-15	1353-1365	institutions	*[6]	_	_	
12-16	1366-1368	in	*[6]	_	_	
12-17	1369-1375	mature	*[6]	_	_	
12-18	1376-1387	democracies	*[6]	_	_	
12-19	1388-1392	took	*[6]	_	_	
12-20	1393-1397	many	*[6]	_	_	
12-21	1398-1403	years	*[6]	_	_	
12-22	1404-1406	of	*[6]	_	_	
12-23	1407-1412	blood	*[6]	_	_	
12-24	1413-1416	and	*[6]	_	_	
12-25	1417-1425	violence	*[6]	_	_	
12-26	1426-1429	and	*[6]	_	_	
12-27	1430-1434	that	*[6]	_	_	
12-28	1435-1440	there	*[6]	_	_	
12-29	1441-1443	is	*[6]	_	_	
12-30	1444-1446	no	*[6]	_	_	
12-31	1447-1450	one	*[6]	_	_	
12-32	1451-1455	size	*[6]	_	_	
12-33	1456-1458	fi	*[6]	_	_	
12-34	1459-1461	ts	*[6]	_	_	
12-35	1462-1465	all	*[6]	_	_	
12-36	1466-1472	recipe	*[6]	_	_	
12-37	1473-1476	for	*[6]	_	_	
12-38	1477-1478	a	*[6]	_	_	
12-39	1479-1495	well-functioning	*[6]	_	_	
12-40	1496-1503	society	*[6]	_	_	
12-41	1503-1504	.	*[6]	_	_	

#Text=The volume Informality in Eastern Europe: Structures, Political Cultures and Social Practices represents a pleasant departure from the labelling approaches to informality.
13-1	1504-1507	The	*[6]	_	_	
13-2	1508-1514	volume	*[6]	_	_	
13-3	1515-1526	Informality	*[6]	_	_	
13-4	1527-1529	in	*[6]	_	_	
13-5	1530-1537	Eastern	*[6]	_	_	
13-6	1538-1544	Europe	*[6]	_	_	
13-7	1544-1545	:	*[6]	_	_	
13-8	1546-1556	Structures	*[6]	_	_	
13-9	1556-1557	,	*[6]	_	_	
13-10	1558-1567	Political	*[6]	_	_	
13-11	1568-1576	Cultures	*[6]	_	_	
13-12	1577-1580	and	*[6]	_	_	
13-13	1581-1587	Social	*[6]	_	_	
13-14	1588-1597	Practices	*[6]	_	_	
13-15	1598-1608	represents	*[6]	_	_	
13-16	1609-1610	a	*[6]	_	_	
13-17	1611-1619	pleasant	*[6]	_	_	
13-18	1620-1629	departure	*[6]	_	_	
13-19	1630-1634	from	*[6]	_	_	
13-20	1635-1638	the	*[6]	_	_	
13-21	1639-1648	labelling	*[6]	_	_	
13-22	1649-1659	approaches	*[6]	_	_	
13-23	1660-1662	to	*[6]	_	_	
13-24	1663-1674	informality	*[6]	_	_	
13-25	1674-1675	.	*[6]	_	_	

#Text=It is edited by social scientists with expertise in sociology and anthropology (Christian Giordano), political science (Nicolas Hayoz) and Slavonic studies (Jens Herlth), who aim to challenge the prevalent paradigms on informal practices.
14-1	1675-1677	It	*[6]	_	_	
14-2	1678-1680	is	*[6]	_	_	
14-3	1681-1687	edited	*[6]	_	_	
14-4	1688-1690	by	*[6]	_	_	
14-5	1691-1697	social	*[6]	_	_	
14-6	1698-1708	scientists	*[6]	_	_	
14-7	1709-1713	with	*[6]	_	_	
14-8	1714-1723	expertise	*[6]	_	_	
14-9	1724-1726	in	*[6]	_	_	
14-10	1727-1736	sociology	*[6]	_	_	
14-11	1737-1740	and	*[6]	_	_	
14-12	1741-1753	anthropology	*[6]	_	_	
14-13	1754-1755	(	*[6]	_	_	
14-14	1755-1764	Christian	*[6]	_	_	
14-15	1765-1773	Giordano	*[6]	_	_	
14-16	1773-1774	)	*[6]	_	_	
14-17	1774-1775	,	*[6]	_	_	
14-18	1776-1785	political	*[6]	_	_	
14-19	1786-1793	science	*[6]	_	_	
14-20	1794-1795	(	*[6]	_	_	
14-21	1795-1802	Nicolas	*[6]	_	_	
14-22	1803-1808	Hayoz	*[6]	_	_	
14-23	1808-1809	)	*[6]	_	_	
14-24	1810-1813	and	*[6]	_	_	
14-25	1814-1822	Slavonic	*[6]	_	_	
14-26	1823-1830	studies	*[6]	_	_	
14-27	1831-1832	(	*[6]	_	_	
14-28	1832-1836	Jens	*[6]	_	_	
14-29	1837-1843	Herlth	*[6]	_	_	
14-30	1843-1844	)	*[6]	_	_	
14-31	1844-1845	,	*[6]	_	_	
14-32	1846-1849	who	*[6]	_	_	
14-33	1850-1853	aim	*[6]	_	_	
14-34	1854-1856	to	*[6]	_	_	
14-35	1857-1866	challenge	*[6]	_	_	
14-36	1867-1870	the	*[6]	_	_	
14-37	1871-1880	prevalent	*[6]	_	_	
14-38	1881-1890	paradigms	*[6]	_	_	
14-39	1891-1893	on	*[6]	_	_	
14-40	1894-1902	informal	*[6]	_	_	
14-41	1903-1912	practices	*[6]	_	_	
14-42	1912-1913	.	*[6]	_	_	

#Text=These paradigms include challenging the widely held belief that informal practices have a negative eff ect on a state’s ability to function, or that informal practices are a phenomenon exclusive to Eastern Europe.
15-1	1913-1918	These	*[6]	_	_	
15-2	1919-1928	paradigms	*[6]	_	_	
15-3	1929-1936	include	*[6]	_	_	
15-4	1937-1948	challenging	*[6]	_	_	
15-5	1949-1952	the	*[6]	_	_	
15-6	1953-1959	widely	*[6]	_	_	
15-7	1960-1964	held	*[6]	_	_	
15-8	1965-1971	belief	*[6]	_	_	
15-9	1972-1976	that	*[6]	_	_	
15-10	1977-1985	informal	*[6]	_	_	
15-11	1986-1995	practices	*[6]	_	_	
15-12	1996-2000	have	*[6]	_	_	
15-13	2001-2002	a	*[6]	_	_	
15-14	2003-2011	negative	*[6]	_	_	
15-15	2012-2015	eff	*[6]	_	_	
15-16	2016-2019	ect	*[6]	_	_	
15-17	2020-2022	on	*[6]	_	_	
15-18	2023-2024	a	*[6]	_	_	
15-19	2025-2032	state’s	*[6]	_	_	
15-20	2033-2040	ability	*[6]	_	_	
15-21	2041-2043	to	*[6]	_	_	
15-22	2044-2052	function	*[6]	_	_	
15-23	2052-2053	,	*[6]	_	_	
15-24	2054-2056	or	*[6]	_	_	
15-25	2057-2061	that	*[6]	_	_	
15-26	2062-2070	informal	*[6]	_	_	
15-27	2071-2080	practices	*[6]	_	_	
15-28	2081-2084	are	*[6]	_	_	
15-29	2085-2086	a	*[6]	_	_	
15-30	2087-2097	phenomenon	*[6]	_	_	
15-31	2098-2107	exclusive	*[6]	_	_	
15-32	2108-2110	to	*[6]	_	_	
15-33	2111-2118	Eastern	*[6]	_	_	
15-34	2119-2125	Europe	*[6]	_	_	
15-35	2125-2126	.	*[6]	_	_	

#Text=The book has two main objectives.
16-1	2126-2129	The	*[6]	_	_	
16-2	2130-2134	book	*[6]	_	_	
16-3	2135-2138	has	*[6]	_	_	
16-4	2139-2142	two	*[6]	_	_	
16-5	2143-2147	main	*[6]	_	_	
16-6	2148-2158	objectives	*[6]	_	_	
16-7	2158-2159	.	*[6]	_	_	

#Text=The fi rst is to establish diff erences in meanings, functions and eff ects between informal practices in Eastern Europe and those in the West.
17-1	2159-2162	The	*[6]	_	_	
17-2	2163-2165	fi	*[6]	_	_	
17-3	2166-2169	rst	*[6]	_	_	
17-4	2170-2172	is	*[6]	_	_	
17-5	2173-2175	to	*[6]	_	_	
17-6	2176-2185	establish	*[6]	_	_	
17-7	2186-2190	diff	*[6]	_	_	
17-8	2191-2198	erences	*[6]	_	_	
17-9	2199-2201	in	*[6]	_	_	
17-10	2202-2210	meanings	*[6]	_	_	
17-11	2210-2211	,	*[6]	_	_	
17-12	2212-2221	functions	*[6]	_	_	
17-13	2222-2225	and	*[6]	_	_	
17-14	2226-2229	eff	*[6]	_	_	
17-15	2230-2234	ects	*[6]	_	_	
17-16	2235-2242	between	*[6]	_	_	
17-17	2243-2251	informal	*[6]	_	_	
17-18	2252-2261	practices	*[6]	_	_	
17-19	2262-2264	in	*[6]	_	_	
17-20	2265-2272	Eastern	*[6]	_	_	
17-21	2273-2279	Europe	*[6]	_	_	
17-22	2280-2283	and	*[6]	_	_	
17-23	2284-2289	those	*[6]	_	_	
17-24	2290-2292	in	*[6]	_	_	
17-25	2293-2296	the	*[6]	_	_	
17-26	2297-2301	West	*[6]	_	_	
17-27	2301-2302	.	*[6]	_	_	

#Text=The second is to encourage an interdisciplinary interaction between political science, social anthropology and sociology.
18-1	2302-2305	The	*[6]	_	_	
18-2	2306-2312	second	*[6]	_	_	
18-3	2313-2315	is	*[6]	_	_	
18-4	2316-2318	to	*[6]	_	_	
18-5	2319-2328	encourage	*[6]	_	_	
18-6	2329-2331	an	*[6]	_	_	
18-7	2332-2349	interdisciplinary	*[6]	_	_	
18-8	2350-2361	interaction	*[6]	_	_	
18-9	2362-2369	between	*[6]	_	_	
18-10	2370-2379	political	*[6]	_	_	
18-11	2380-2387	science	*[6]	_	_	
18-12	2387-2388	,	*[6]	_	_	
18-13	2389-2395	social	*[6]	_	_	
18-14	2396-2408	anthropology	*[6]	_	_	
18-15	2409-2412	and	*[6]	_	_	
18-16	2413-2422	sociology	*[6]	_	_	
18-17	2422-2423	.	*[6]	_	_	

#Text=Such an agenda is commendable as it allows an objective discussion of informality, refusing to stigmatise it and providing an illustration of the ambivalent nature of this phenomenon.
19-1	2423-2427	Such	*[6]	_	_	
19-2	2428-2430	an	*[6]	_	_	
19-3	2431-2437	agenda	*[6]	_	_	
19-4	2438-2440	is	*[6]	_	_	
19-5	2441-2452	commendable	*[6]	_	_	
19-6	2453-2455	as	*[6]	_	_	
19-7	2456-2458	it	*[6]	_	_	
19-8	2459-2465	allows	*[6]	_	_	
19-9	2466-2468	an	*[6]	_	_	
19-10	2469-2478	objective	*[6]	_	_	
19-11	2479-2489	discussion	*[6]	_	_	
19-12	2490-2492	of	*[6]	_	_	
19-13	2493-2504	informality	*[6]	_	_	
19-14	2504-2505	,	*[6]	_	_	
19-15	2506-2514	refusing	*[6]	_	_	
19-16	2515-2517	to	*[6]	_	_	
19-17	2518-2528	stigmatise	*[6]	_	_	
19-18	2529-2531	it	*[6]	_	_	
19-19	2532-2535	and	*[6]	_	_	
19-20	2536-2545	providing	*[6]	_	_	
19-21	2546-2548	an	*[6]	_	_	
19-22	2549-2561	illustration	*[6]	_	_	
19-23	2562-2564	of	*[6]	_	_	
19-24	2565-2568	the	*[6]	_	_	
19-25	2569-2579	ambivalent	*[6]	_	_	
19-26	2580-2586	nature	*[6]	_	_	
19-27	2587-2589	of	*[6]	_	_	
19-28	2590-2594	this	*[6]	_	_	
19-29	2595-2605	phenomenon	*[6]	_	_	
19-30	2605-2606	.	*[6]	_	_	

#Text=The chapters in the fi rst part of the volume look at informal practices in Eastern Europe through a general, theoretical and comparative perspective.
20-1	2606-2609	The	*[6]	_	_	
20-2	2610-2618	chapters	*[6]	_	_	
20-3	2619-2621	in	*[6]	_	_	
20-4	2622-2625	the	*[6]	_	_	
20-5	2626-2628	fi	*[6]	_	_	
20-6	2629-2632	rst	*[6]	_	_	
20-7	2633-2637	part	*[6]	_	_	
20-8	2638-2640	of	*[6]	_	_	
20-9	2641-2644	the	*[6]	_	_	
20-10	2645-2651	volume	*[6]	_	_	
20-11	2652-2656	look	*[6]	_	_	
20-12	2657-2659	at	*[6]	_	_	
20-13	2660-2668	informal	*[6]	_	_	
20-14	2669-2678	practices	*[6]	_	_	
20-15	2679-2681	in	*[6]	_	_	
20-16	2682-2689	Eastern	*[6]	_	_	
20-17	2690-2696	Europe	*[6]	_	_	
20-18	2697-2704	through	*[6]	_	_	
20-19	2705-2706	a	*[6]	_	_	
20-20	2707-2714	general	*[6]	_	_	
20-21	2714-2715	,	*[6]	_	_	
20-22	2716-2727	theoretical	*[6]	_	_	
20-23	2728-2731	and	*[6]	_	_	
20-24	2732-2743	comparative	*[6]	_	_	
20-25	2744-2755	perspective	*[6]	_	_	
20-26	2755-2756	.	*[6]	_	_	

#Text=Giordano’s chapter adopts a historical anthropological bottom up perspective, arguing that there is a correlation between informal practices and an enduring disagreement between state and society.
21-1	2756-2766	Giordano’s	*[6]	_	_	
21-2	2767-2774	chapter	*[6]	_	_	
21-3	2775-2781	adopts	*[6]	_	_	
21-4	2782-2783	a	*[6]	_	_	
21-5	2784-2794	historical	*[6]	_	_	
21-6	2795-2810	anthropological	*[6]	_	_	
21-7	2811-2817	bottom	*[6]	_	_	
21-8	2818-2820	up	*[6]	_	_	
21-9	2821-2832	perspective	*[6]	_	_	
21-10	2832-2833	,	*[6]	_	_	
21-11	2834-2841	arguing	*[6]	_	_	
21-12	2842-2846	that	*[6]	_	_	
21-13	2847-2852	there	*[6]	_	_	
21-14	2853-2855	is	*[6]	_	_	
21-15	2856-2857	a	*[6]	_	_	
21-16	2858-2869	correlation	*[6]	_	_	
21-17	2870-2877	between	*[6]	_	_	
21-18	2878-2886	informal	*[6]	_	_	
21-19	2887-2896	practices	*[6]	_	_	
21-20	2897-2900	and	*[6]	_	_	
21-21	2901-2903	an	*[6]	_	_	
21-22	2904-2912	enduring	*[6]	_	_	
21-23	2913-2925	disagreement	*[6]	_	_	
21-24	2926-2933	between	*[6]	_	_	
21-25	2934-2939	state	*[6]	_	_	
21-26	2940-2943	and	*[6]	_	_	
21-27	2944-2951	society	*[6]	_	_	
21-28	2951-2952	.	*[6]	_	_	

#Text=The author discusses the phenomenon of public mistrust societies in South-Eastern Europe and the Mediterranean region, where, due to various historical circumstances, ‘the public sector is perceived as a dangerous foreign body’ (p. 31).
22-1	2952-2955	The	*[6]	_	_	
22-2	2956-2962	author	*[6]	_	_	
22-3	2963-2972	discusses	*[6]	_	_	
22-4	2973-2976	the	*[6]	_	_	
22-5	2977-2987	phenomenon	*[6]	_	_	
22-6	2988-2990	of	*[6]	_	_	
22-7	2991-2997	public	*[6]	_	_	
22-8	2998-3006	mistrust	*[6]	_	_	
22-9	3007-3016	societies	*[6]	_	_	
22-10	3017-3019	in	*[6]	_	_	
22-11	3020-3033	South-Eastern	*[6]	_	_	
22-12	3034-3040	Europe	*[6]	_	_	
22-13	3041-3044	and	*[6]	_	_	
22-14	3045-3048	the	*[6]	_	_	
22-15	3049-3062	Mediterranean	*[6]	_	_	
22-16	3063-3069	region	*[6]	_	_	
22-17	3069-3070	,	*[6]	_	_	
22-18	3071-3076	where	*[6]	_	_	
22-19	3076-3077	,	*[6]	_	_	
22-20	3078-3081	due	*[6]	_	_	
22-21	3082-3084	to	*[6]	_	_	
22-22	3085-3092	various	*[6]	_	_	
22-23	3093-3103	historical	*[6]	_	_	
22-24	3104-3117	circumstances	*[6]	_	_	
22-25	3117-3118	,	*[6]	_	_	
22-26	3119-3123	‘the	*[6]	_	_	
22-27	3124-3130	public	*[6]	_	_	
22-28	3131-3137	sector	*[6]	_	_	
22-29	3138-3140	is	*[6]	_	_	
22-30	3141-3150	perceived	*[6]	_	_	
22-31	3151-3153	as	*[6]	_	_	
22-32	3154-3155	a	*[6]	_	_	
22-33	3156-3165	dangerous	*[6]	_	_	
22-34	3166-3173	foreign	*[6]	_	_	
22-35	3174-3178	body	*[6]	_	_	
22-36	3178-3179	’	*[6]	_	_	
22-37	3180-3181	(	*[6]	_	_	
22-38	3181-3182	p	*[6]	_	_	
22-39	3182-3183	.	*[6]	_	_	
22-40	3184-3186	31	*[6]	_	_	
22-41	3186-3187	)	*[6]	_	_	
22-42	3187-3188	.	*[6]	_	_	

#Text=Thus, informal practices need to be viewed as a contextual rational choice and as a mechanism, which helps to get things done under failing statehood, rather than as activities, which undermine the acceptable — formal practices.
23-1	3188-3192	Thus	*[6]	_	_	
23-2	3192-3193	,	*[6]	_	_	
23-3	3194-3202	informal	*[6]	_	_	
23-4	3203-3212	practices	*[6]	_	_	
23-5	3213-3217	need	*[6]	_	_	
23-6	3218-3220	to	*[6]	_	_	
23-7	3221-3223	be	*[6]	_	_	
23-8	3224-3230	viewed	*[6]	_	_	
23-9	3231-3233	as	*[6]	_	_	
23-10	3234-3235	a	*[6]	_	_	
23-11	3236-3246	contextual	*[6]	_	_	
23-12	3247-3255	rational	*[6]	_	_	
23-13	3256-3262	choice	*[6]	_	_	
23-14	3263-3266	and	*[6]	_	_	
23-15	3267-3269	as	*[6]	_	_	
23-16	3270-3271	a	*[6]	_	_	
23-17	3272-3281	mechanism	*[6]	_	_	
23-18	3281-3282	,	*[6]	_	_	
23-19	3283-3288	which	*[6]	_	_	
23-20	3289-3294	helps	*[6]	_	_	
23-21	3295-3297	to	*[6]	_	_	
23-22	3298-3301	get	*[6]	_	_	
23-23	3302-3308	things	*[6]	_	_	
23-24	3309-3313	done	*[6]	_	_	
23-25	3314-3319	under	*[6]	_	_	
23-26	3320-3327	failing	*[6]	_	_	
23-27	3328-3337	statehood	*[6]	_	_	
23-28	3337-3338	,	*[6]	_	_	
23-29	3339-3345	rather	*[6]	_	_	
23-30	3346-3350	than	*[6]	_	_	
23-31	3351-3353	as	*[6]	_	_	
23-32	3354-3364	activities	*[6]	_	_	
23-33	3364-3365	,	*[6]	_	_	
23-34	3366-3371	which	*[6]	_	_	
23-35	3372-3381	undermine	*[6]	_	_	
23-36	3382-3385	the	*[6]	_	_	
23-37	3386-3396	acceptable	*[6]	_	_	
23-38	3397-3398	—	*[6]	_	_	
23-39	3399-3405	formal	*[6]	_	_	
23-40	3406-3415	practices	*[6]	_	_	
23-41	3415-3416	.	*[6]	_	_	

#Text=Also, it is noteworthy that a client has more need for a patron than vice versa.
24-1	3416-3420	Also	*[6]	_	_	
24-2	3420-3421	,	*[6]	_	_	
24-3	3422-3424	it	*[6]	_	_	
24-4	3425-3427	is	*[6]	_	_	
24-5	3428-3438	noteworthy	*[6]	_	_	
24-6	3439-3443	that	*[6]	_	_	
24-7	3444-3445	a	*[6]	_	_	
24-8	3446-3452	client	*[6]	_	_	
24-9	3453-3456	has	*[6]	_	_	
24-10	3457-3461	more	*[6]	_	_	
24-11	3462-3466	need	*[6]	_	_	
24-12	3467-3470	for	*[6]	_	_	
24-13	3471-3472	a	*[6]	_	_	
24-14	3473-3479	patron	*[6]	_	_	
24-15	3480-3484	than	*[6]	_	_	
24-16	3485-3489	vice	*[6]	_	_	
24-17	3490-3495	versa	*[6]	_	_	
24-18	3495-3496	.	*[6]	_	_	

#Text=This suggests that the patron should be regarded as a provider of more effi cient services than the state’s institutions and not as someone who is just merely taking advantage of a dysfunctional state system.
25-1	3496-3500	This	*[6]	_	_	
25-2	3501-3509	suggests	*[6]	_	_	
25-3	3510-3514	that	*[6]	_	_	
25-4	3515-3518	the	*[6]	_	_	
25-5	3519-3525	patron	*[6]	_	_	
25-6	3526-3532	should	*[6]	_	_	
25-7	3533-3535	be	*[6]	_	_	
25-8	3536-3544	regarded	*[6]	_	_	
25-9	3545-3547	as	*[6]	_	_	
25-10	3548-3549	a	*[6]	_	_	
25-11	3550-3558	provider	*[6]	_	_	
25-12	3559-3561	of	*[6]	_	_	
25-13	3562-3566	more	*[6]	_	_	
25-14	3567-3571	effi	*[6]	_	_	
25-15	3572-3577	cient	*[6]	_	_	
25-16	3578-3586	services	*[6]	_	_	
25-17	3587-3591	than	*[6]	_	_	
25-18	3592-3595	the	*[6]	_	_	
25-19	3596-3603	state’s	*[6]	_	_	
25-20	3604-3616	institutions	*[6]	_	_	
25-21	3617-3620	and	*[6]	_	_	
25-22	3621-3624	not	*[6]	_	_	
25-23	3625-3627	as	*[6]	_	_	
25-24	3628-3635	someone	*[6]	_	_	
25-25	3636-3639	who	*[6]	_	_	
25-26	3640-3642	is	*[6]	_	_	
25-27	3643-3647	just	*[6]	_	_	
25-28	3648-3654	merely	*[6]	_	_	
25-29	3655-3661	taking	*[6]	_	_	
25-30	3662-3671	advantage	*[6]	_	_	
25-31	3672-3674	of	*[6]	_	_	
25-32	3675-3676	a	*[6]	_	_	
25-33	3677-3690	dysfunctional	*[6]	_	_	
25-34	3691-3696	state	*[6]	_	_	
25-35	3697-3703	system	*[6]	_	_	
25-36	3703-3704	.	*[6]	_	_	

#Text=Hayoz’s chapter uses the example of anti-government protest movements in Russia in 2011-2012 to convincingly illustrate that the informal is not necessarily negative.
26-1	3704-3711	Hayoz’s	*[6]	_	_	
26-2	3712-3719	chapter	*[6]	_	_	
26-3	3720-3724	uses	*[6]	_	_	
26-4	3725-3728	the	*[6]	_	_	
26-5	3729-3736	example	*[6]	_	_	
26-6	3737-3739	of	*[6]	_	_	
26-7	3740-3755	anti-government	*[6]	_	_	
26-8	3756-3763	protest	*[6]	_	_	
26-9	3764-3773	movements	*[6]	_	_	
26-10	3774-3776	in	*[6]	_	_	
26-11	3777-3783	Russia	*[6]	_	_	
26-12	3784-3786	in	*[6]	_	_	
26-13	3787-3796	2011-2012	*[6]	_	_	
26-14	3797-3799	to	*[6]	_	_	
26-15	3800-3812	convincingly	*[6]	_	_	
26-16	3813-3823	illustrate	*[6]	_	_	
26-17	3824-3828	that	*[6]	_	_	
26-18	3829-3832	the	*[6]	_	_	
26-19	3833-3841	informal	*[6]	_	_	
26-20	3842-3844	is	*[6]	_	_	
26-21	3845-3848	not	*[6]	_	_	
26-22	3849-3860	necessarily	*[6]	_	_	
26-23	3861-3869	negative	*[6]	_	_	
26-24	3869-3870	.	*[6]	_	_	

#Text=Hayoz also argues that in the Russian case the reason for choosing the grey path is a rational choice, caused by the overregulation and underenforcement of laws.
27-1	3870-3875	Hayoz	*[6]	_	_	
27-2	3876-3880	also	*[6]	_	_	
27-3	3881-3887	argues	*[6]	_	_	
27-4	3888-3892	that	*[6]	_	_	
27-5	3893-3895	in	*[6]	_	_	
27-6	3896-3899	the	*[6]	_	_	
27-7	3900-3907	Russian	*[6]	_	_	
27-8	3908-3912	case	*[6]	_	_	
27-9	3913-3916	the	*[6]	_	_	
27-10	3917-3923	reason	*[6]	_	_	
27-11	3924-3927	for	*[6]	_	_	
27-12	3928-3936	choosing	*[6]	_	_	
27-13	3937-3940	the	*[6]	_	_	
27-14	3941-3945	grey	*[6]	_	_	
27-15	3946-3950	path	*[6]	_	_	
27-16	3951-3953	is	*[6]	_	_	
27-17	3954-3955	a	*[6]	_	_	
27-18	3956-3964	rational	*[6]	_	_	
27-19	3965-3971	choice	*[6]	_	_	
27-20	3971-3972	,	*[6]	_	_	
27-21	3973-3979	caused	*[6]	_	_	
27-22	3980-3982	by	*[6]	_	_	
27-23	3983-3986	the	*[6]	_	_	
27-24	3987-4001	overregulation	*[6]	_	_	
27-25	4002-4005	and	*[6]	_	_	
27-26	4006-4022	underenforcement	*[6]	_	_	
27-27	4023-4025	of	*[6]	_	_	
27-28	4026-4030	laws	*[6]	_	_	
27-29	4030-4031	.	*[6]	_	_	

#Text=A similar approach was taken by Anton Sterbling in his chapter, in which he argues that informal practices fl ourish in post-socialist societies because the public sphere is regarded as hostile and dangerous.
28-1	4031-4032	A	*[6]	_	_	
28-2	4033-4040	similar	*[6]	_	_	
28-3	4041-4049	approach	*[6]	_	_	
28-4	4050-4053	was	*[6]	_	_	
28-5	4054-4059	taken	*[6]	_	_	
28-6	4060-4062	by	*[6]	_	_	
28-7	4063-4068	Anton	*[6]	_	_	
28-8	4069-4078	Sterbling	*[6]	_	_	
28-9	4079-4081	in	*[6]	_	_	
28-10	4082-4085	his	*[6]	_	_	
28-11	4086-4093	chapter	*[6]	_	_	
28-12	4093-4094	,	*[6]	_	_	
28-13	4095-4097	in	*[6]	_	_	
28-14	4098-4103	which	*[6]	_	_	
28-15	4104-4106	he	*[6]	_	_	
28-16	4107-4113	argues	*[6]	_	_	
28-17	4114-4118	that	*[6]	_	_	
28-18	4119-4127	informal	*[6]	_	_	
28-19	4128-4137	practices	*[6]	_	_	
28-20	4138-4140	fl	*[6]	_	_	
28-21	4141-4147	ourish	*[6]	_	_	
28-22	4148-4150	in	*[6]	_	_	
28-23	4151-4165	post-socialist	*[6]	_	_	
28-24	4166-4175	societies	*[6]	_	_	
28-25	4176-4183	because	*[6]	_	_	
28-26	4184-4187	the	*[6]	_	_	
28-27	4188-4194	public	*[6]	_	_	
28-28	4195-4201	sphere	*[6]	_	_	
28-29	4202-4204	is	*[6]	_	_	
28-30	4205-4213	regarded	*[6]	_	_	
28-31	4214-4216	as	*[6]	_	_	
28-32	4217-4224	hostile	*[6]	_	_	
28-33	4225-4228	and	*[6]	_	_	
28-34	4229-4238	dangerous	*[6]	_	_	
28-35	4238-4239	.	*[6]	_	_	

#Text=Using Romania as a case-study, Sterbling notes that the lack of interest in public common good is caused by a combination of historical experiences such as the * E-mail: ruta.skriptaite.14@ucl.ac.uk ‘lifeworld’, the so-called living experience under socialist regimes, as well as a resistance to foreign or illegitimate authoritarian rule (p. 72).
29-1	4239-4244	Using	*[6]	_	_	
29-2	4245-4252	Romania	*[6]	_	_	
29-3	4253-4255	as	*[6]	_	_	
29-4	4256-4257	a	*[6]	_	_	
29-5	4258-4268	case-study	*[6]	_	_	
29-6	4268-4269	,	*[6]	_	_	
29-7	4270-4279	Sterbling	*[6]	_	_	
29-8	4280-4285	notes	*[6]	_	_	
29-9	4286-4290	that	*[6]	_	_	
29-10	4291-4294	the	*[6]	_	_	
29-11	4295-4299	lack	*[6]	_	_	
29-12	4300-4302	of	*[6]	_	_	
29-13	4303-4311	interest	*[6]	_	_	
29-14	4312-4314	in	*[6]	_	_	
29-15	4315-4321	public	*[6]	_	_	
29-16	4322-4328	common	*[6]	_	_	
29-17	4329-4333	good	*[6]	_	_	
29-18	4334-4336	is	*[6]	_	_	
29-19	4337-4343	caused	*[6]	_	_	
29-20	4344-4346	by	*[6]	_	_	
29-21	4347-4348	a	*[6]	_	_	
29-22	4349-4360	combination	*[6]	_	_	
29-23	4361-4363	of	*[6]	_	_	
29-24	4364-4374	historical	*[6]	_	_	
29-25	4375-4386	experiences	*[6]	_	_	
29-26	4387-4391	such	*[6]	_	_	
29-27	4392-4394	as	*[6]	_	_	
29-28	4395-4398	the	*[6]	_	_	
29-29	4399-4400	*	*[6]	_	_	
29-30	4401-4407	E-mail	*[6]	_	_	
29-31	4407-4408	:	*[6]	_	_	
29-32	4409-4413	ruta	*[6]	_	_	
29-33	4413-4424	.skriptaite	*[6]	_	_	
29-34	4424-4431	.14@ucl	*[6]	_	_	
29-35	4431-4437	.ac.uk	*[6]	_	_	
29-36	4438-4449	‘lifeworld’	*[6]	_	_	
29-37	4449-4450	,	*[6]	_	_	
29-38	4451-4454	the	*[6]	_	_	
29-39	4455-4464	so-called	*[6]	_	_	
29-40	4465-4471	living	*[6]	_	_	
29-41	4472-4482	experience	*[6]	_	_	
29-42	4483-4488	under	*[6]	_	_	
29-43	4489-4498	socialist	*[6]	_	_	
29-44	4499-4506	regimes	*[6]	_	_	
29-45	4506-4507	,	*[6]	_	_	
29-46	4508-4510	as	*[6]	_	_	
29-47	4511-4515	well	*[6]	_	_	
29-48	4516-4518	as	*[6]	_	_	
29-49	4519-4520	a	*[6]	_	_	
29-50	4521-4531	resistance	*[6]	_	_	
29-51	4532-4534	to	*[6]	_	_	
29-52	4535-4542	foreign	*[6]	_	_	
29-53	4543-4545	or	*[6]	_	_	
29-54	4546-4558	illegitimate	*[6]	_	_	
29-55	4559-4572	authoritarian	*[6]	_	_	
29-56	4573-4577	rule	*[6]	_	_	
29-57	4578-4579	(	*[6]	_	_	
29-58	4579-4580	p	*[6]	_	_	
29-59	4580-4581	.	*[6]	_	_	
29-60	4582-4584	72	*[6]	_	_	
29-61	4584-4585	)	*[6]	_	_	
29-62	4585-4586	.	*[6]	_	_	

#Text=The rational contextual choice is also used by Maximos Aligisakis to analyse the case study of Greece.
30-1	4586-4589	The	*[6]	_	_	
30-2	4590-4598	rational	*[6]	_	_	
30-3	4599-4609	contextual	*[6]	_	_	
30-4	4610-4616	choice	*[6]	_	_	
30-5	4617-4619	is	*[6]	_	_	
30-6	4620-4624	also	*[6]	_	_	
30-7	4625-4629	used	*[6]	_	_	
30-8	4630-4632	by	*[6]	_	_	
30-9	4633-4640	Maximos	*[6]	_	_	
30-10	4641-4651	Aligisakis	*[6]	_	_	
30-11	4652-4654	to	*[6]	_	_	
30-12	4655-4662	analyse	*[6]	_	_	
30-13	4663-4666	the	*[6]	_	_	
30-14	4667-4671	case	*[6]	_	_	
30-15	4672-4677	study	*[6]	_	_	
30-16	4678-4680	of	*[6]	_	_	
30-17	4681-4687	Greece	*[6]	_	_	
30-18	4687-4688	.	*[6]	_	_	

#Text=Aligisakis examines the Greek crises to suggest that the economic and political history of the country, which includes late and dependent capitalism as well as authoritarianism, must be taken into account.
31-1	4688-4698	Aligisakis	*[6]	_	_	
31-2	4699-4707	examines	*[6]	_	_	
31-3	4708-4711	the	*[6]	_	_	
31-4	4712-4717	Greek	*[6]	_	_	
31-5	4718-4724	crises	*[6]	_	_	
31-6	4725-4727	to	*[6]	_	_	
31-7	4728-4735	suggest	*[6]	_	_	
31-8	4736-4740	that	*[6]	_	_	
31-9	4741-4744	the	*[6]	_	_	
31-10	4745-4753	economic	*[6]	_	_	
31-11	4754-4757	and	*[6]	_	_	
31-12	4758-4767	political	*[6]	_	_	
31-13	4768-4775	history	*[6]	_	_	
31-14	4776-4778	of	*[6]	_	_	
31-15	4779-4782	the	*[6]	_	_	
31-16	4783-4790	country	*[6]	_	_	
31-17	4790-4791	,	*[6]	_	_	
31-18	4792-4797	which	*[6]	_	_	
31-19	4798-4806	includes	*[6]	_	_	
31-20	4807-4811	late	*[6]	_	_	
31-21	4812-4815	and	*[6]	_	_	
31-22	4816-4825	dependent	*[6]	_	_	
31-23	4826-4836	capitalism	*[6]	_	_	
31-24	4837-4839	as	*[6]	_	_	
31-25	4840-4844	well	*[6]	_	_	
31-26	4845-4847	as	*[6]	_	_	
31-27	4848-4864	authoritarianism	*[6]	_	_	
31-28	4864-4865	,	*[6]	_	_	
31-29	4866-4870	must	*[6]	_	_	
31-30	4871-4873	be	*[6]	_	_	
31-31	4874-4879	taken	*[6]	_	_	
31-32	4880-4884	into	*[6]	_	_	
31-33	4885-4892	account	*[6]	_	_	
31-34	4892-4893	.	*[6]	_	_	

#Text=The author also notes that informality is not strictly limited within the borders of Eastern Europe or the post-communist bloc.
32-1	4893-4896	The	*[6]	_	_	
32-2	4897-4903	author	*[6]	_	_	
32-3	4904-4908	also	*[6]	_	_	
32-4	4909-4914	notes	*[6]	_	_	
32-5	4915-4919	that	*[6]	_	_	
32-6	4920-4931	informality	*[6]	_	_	
32-7	4932-4934	is	*[6]	_	_	
32-8	4935-4938	not	*[6]	_	_	
32-9	4939-4947	strictly	*[6]	_	_	
32-10	4948-4955	limited	*[6]	_	_	
32-11	4956-4962	within	*[6]	_	_	
32-12	4963-4966	the	*[6]	_	_	
32-13	4967-4974	borders	*[6]	_	_	
32-14	4975-4977	of	*[6]	_	_	
32-15	4978-4985	Eastern	*[6]	_	_	
32-16	4986-4992	Europe	*[6]	_	_	
32-17	4993-4995	or	*[6]	_	_	
32-18	4996-4999	the	*[6]	_	_	
32-19	5000-5014	post-communist	*[6]	_	_	
32-20	5015-5019	bloc	*[6]	_	_	
32-21	5019-5020	.	*[6]	_	_	

#Text=In fact, this practice can be found in Western institutions such as the EU in the form of soft law or soft governance.
33-1	5020-5022	In	*[6]	_	_	
33-2	5023-5027	fact	*[6]	_	_	
33-3	5027-5028	,	*[6]	_	_	
33-4	5029-5033	this	*[6]	_	_	
33-5	5034-5042	practice	*[6]	_	_	
33-6	5043-5046	can	*[6]	_	_	
33-7	5047-5049	be	*[6]	_	_	
33-8	5050-5055	found	*[6]	_	_	
33-9	5056-5058	in	*[6]	_	_	
33-10	5059-5066	Western	*[6]	_	_	
33-11	5067-5079	institutions	*[6]	_	_	
33-12	5080-5084	such	*[6]	_	_	
33-13	5085-5087	as	*[6]	_	_	
33-14	5088-5091	the	*[6]	_	_	
33-15	5092-5094	EU	*[6]	_	_	
33-16	5095-5097	in	*[6]	_	_	
33-17	5098-5101	the	*[6]	_	_	
33-18	5102-5106	form	*[6]	_	_	
33-19	5107-5109	of	*[6]	_	_	
33-20	5110-5114	soft	*[6]	_	_	
33-21	5115-5118	law	*[6]	_	_	
33-22	5119-5121	or	*[6]	_	_	
33-23	5122-5126	soft	*[6]	_	_	
33-24	5127-5137	governance	*[6]	_	_	
33-25	5137-5138	.	*[6]	_	_	

#Text=In their chapter, Kristof Van Assche, Anastasiya Shtaltovna and Anna-Katharina Hornidge argue that formal and informal institutions continuously shape each other while they are also shaped by the ones that existed prior to them.
34-1	5138-5140	In	*[6]	_	_	
34-2	5141-5146	their	*[6]	_	_	
34-3	5147-5154	chapter	*[6]	_	_	
34-4	5154-5155	,	*[6]	_	_	
34-5	5156-5163	Kristof	*[6]	_	_	
34-6	5164-5167	Van	*[6]	_	_	
34-7	5168-5174	Assche	*[6]	_	_	
34-8	5174-5175	,	*[6]	_	_	
34-9	5176-5186	Anastasiya	*[6]	_	_	
34-10	5187-5197	Shtaltovna	*[6]	_	_	
34-11	5198-5201	and	*[6]	_	_	
34-12	5202-5216	Anna-Katharina	*[6]	_	_	
34-13	5217-5225	Hornidge	*[6]	_	_	
34-14	5226-5231	argue	*[6]	_	_	
34-15	5232-5236	that	*[6]	_	_	
34-16	5237-5243	formal	*[6]	_	_	
34-17	5244-5247	and	*[6]	_	_	
34-18	5248-5256	informal	*[6]	_	_	
34-19	5257-5269	institutions	*[6]	_	_	
34-20	5270-5282	continuously	*[6]	_	_	
34-21	5283-5288	shape	*[6]	_	_	
34-22	5289-5293	each	*[6]	_	_	
34-23	5294-5299	other	*[6]	_	_	
34-24	5300-5305	while	*[6]	_	_	
34-25	5306-5310	they	*[6]	_	_	
34-26	5311-5314	are	*[6]	_	_	
34-27	5315-5319	also	*[6]	_	_	
34-28	5320-5326	shaped	*[6]	_	_	
34-29	5327-5329	by	*[6]	_	_	
34-30	5330-5333	the	*[6]	_	_	
34-31	5334-5338	ones	*[6]	_	_	
34-32	5339-5343	that	*[6]	_	_	
34-33	5344-5351	existed	*[6]	_	_	
34-34	5352-5357	prior	*[6]	_	_	
34-35	5358-5360	to	*[6]	_	_	
34-36	5361-5365	them	*[6]	_	_	
34-37	5365-5366	.	*[6]	_	_	

#Text=This dynamic makes it very complicated to judge which practices are acceptable in the modern society.
35-1	5366-5370	This	*[6]	_	_	
35-2	5371-5378	dynamic	*[6]	_	_	
35-3	5379-5384	makes	*[6]	_	_	
35-4	5385-5387	it	*[6]	_	_	
35-5	5388-5392	very	*[6]	_	_	
35-6	5393-5404	complicated	*[6]	_	_	
35-7	5405-5407	to	*[6]	_	_	
35-8	5408-5413	judge	*[6]	_	_	
35-9	5414-5419	which	*[6]	_	_	
35-10	5420-5429	practices	*[6]	_	_	
35-11	5430-5433	are	*[6]	_	_	
35-12	5434-5444	acceptable	*[6]	_	_	
35-13	5445-5447	in	*[6]	_	_	
35-14	5448-5451	the	*[6]	_	_	
35-15	5452-5458	modern	*[6]	_	_	
35-16	5459-5466	society	*[6]	_	_	
35-17	5466-5467	.	*[6]	_	_	

#Text=However, when off ering a recipe for the right form of governance, political observers from the West often tend to forget that the experience of transformation in the post-socialist states over the last 20 years shows that these democratic experiments can have various results.
36-1	5467-5474	However	*[6]	_	_	
36-2	5474-5475	,	*[6]	_	_	
36-3	5476-5480	when	*[6]	_	_	
36-4	5481-5484	off	*[6]	_	_	
36-5	5485-5490	ering	*[6]	_	_	
36-6	5491-5492	a	*[6]	_	_	
36-7	5493-5499	recipe	*[6]	_	_	
36-8	5500-5503	for	*[6]	_	_	
36-9	5504-5507	the	*[6]	_	_	
36-10	5508-5513	right	*[6]	_	_	
36-11	5514-5518	form	*[6]	_	_	
36-12	5519-5521	of	*[6]	_	_	
36-13	5522-5532	governance	*[6]	_	_	
36-14	5532-5533	,	*[6]	_	_	
36-15	5534-5543	political	*[6]	_	_	
36-16	5544-5553	observers	*[6]	_	_	
36-17	5554-5558	from	*[6]	_	_	
36-18	5559-5562	the	*[6]	_	_	
36-19	5563-5567	West	*[6]	_	_	
36-20	5568-5573	often	*[6]	_	_	
36-21	5574-5578	tend	*[6]	_	_	
36-22	5579-5581	to	*[6]	_	_	
36-23	5582-5588	forget	*[6]	_	_	
36-24	5589-5593	that	*[6]	_	_	
36-25	5594-5597	the	*[6]	_	_	
36-26	5598-5608	experience	*[6]	_	_	
36-27	5609-5611	of	*[6]	_	_	
36-28	5612-5626	transformation	*[6]	_	_	
36-29	5627-5629	in	*[6]	_	_	
36-30	5630-5633	the	*[6]	_	_	
36-31	5634-5648	post-socialist	*[6]	_	_	
36-32	5649-5655	states	*[6]	_	_	
36-33	5656-5660	over	*[6]	_	_	
36-34	5661-5664	the	*[6]	_	_	
36-35	5665-5669	last	*[6]	_	_	
36-36	5670-5672	20	*[6]	_	_	
36-37	5673-5678	years	*[6]	_	_	
36-38	5679-5684	shows	*[6]	_	_	
36-39	5685-5689	that	*[6]	_	_	
36-40	5690-5695	these	*[6]	_	_	
36-41	5696-5706	democratic	*[6]	_	_	
36-42	5707-5718	experiments	*[6]	_	_	
36-43	5719-5722	can	*[6]	_	_	
36-44	5723-5727	have	*[6]	_	_	
36-45	5728-5735	various	*[6]	_	_	
36-46	5736-5743	results	*[6]	_	_	
36-47	5743-5744	.	*[6]	_	_	

#Text=The formal Western institutions had to go through an evolution marked by violence and blood to reach their current form.
37-1	5744-5747	The	*[6]	_	_	
37-2	5748-5754	formal	*[6]	_	_	
37-3	5755-5762	Western	*[6]	_	_	
37-4	5763-5775	institutions	*[6]	_	_	
37-5	5776-5779	had	*[6]	_	_	
37-6	5780-5782	to	*[6]	_	_	
37-7	5783-5785	go	*[6]	_	_	
37-8	5786-5793	through	*[6]	_	_	
37-9	5794-5796	an	*[6]	_	_	
37-10	5797-5806	evolution	*[6]	_	_	
37-11	5807-5813	marked	*[6]	_	_	
37-12	5814-5816	by	*[6]	_	_	
37-13	5817-5825	violence	*[6]	_	_	
37-14	5826-5829	and	*[6]	_	_	
37-15	5830-5835	blood	*[6]	_	_	
37-16	5836-5838	to	*[6]	_	_	
37-17	5839-5844	reach	*[6]	_	_	
37-18	5845-5850	their	*[6]	_	_	
37-19	5851-5858	current	*[6]	_	_	
37-20	5859-5863	form	*[6]	_	_	
37-21	5863-5864	.	*[6]	_	_	

#Text=Therefore, the idea of simply imposing the fi nal version of these institutions on developing states without taking into account their particular circumstances is unlikely to succeed.
38-1	5864-5873	Therefore	*[6]	_	_	
38-2	5873-5874	,	*[6]	_	_	
38-3	5875-5878	the	*[6]	_	_	
38-4	5879-5883	idea	*[6]	_	_	
38-5	5884-5886	of	*[6]	_	_	
38-6	5887-5893	simply	*[6]	_	_	
38-7	5894-5902	imposing	*[6]	_	_	
38-8	5903-5906	the	*[6]	_	_	
38-9	5907-5909	fi	*[6]	_	_	
38-10	5910-5913	nal	*[6]	_	_	
38-11	5914-5921	version	*[6]	_	_	
38-12	5922-5924	of	*[6]	_	_	
38-13	5925-5930	these	*[6]	_	_	
38-14	5931-5943	institutions	*[6]	_	_	
38-15	5944-5946	on	*[6]	_	_	
38-16	5947-5957	developing	*[6]	_	_	
38-17	5958-5964	states	*[6]	_	_	
38-18	5965-5972	without	*[6]	_	_	
38-19	5973-5979	taking	*[6]	_	_	
38-20	5980-5984	into	*[6]	_	_	
38-21	5985-5992	account	*[6]	_	_	
38-22	5993-5998	their	*[6]	_	_	
38-23	5999-6009	particular	*[6]	_	_	
38-24	6010-6023	circumstances	*[6]	_	_	
38-25	6024-6026	is	*[6]	_	_	
38-26	6027-6035	unlikely	*[6]	_	_	
38-27	6036-6038	to	*[6]	_	_	
38-28	6039-6046	succeed	*[6]	_	_	
38-29	6046-6047	.	*[6]	_	_	

#Text=The second part of the volume is formed by case studies from Central and South-Eastern Europe.
39-1	6047-6050	The	*[6]	_	_	
39-2	6051-6057	second	*[6]	_	_	
39-3	6058-6062	part	*[6]	_	_	
39-4	6063-6065	of	*[6]	_	_	
39-5	6066-6069	the	*[6]	_	_	
39-6	6070-6076	volume	*[6]	_	_	
39-7	6077-6079	is	*[6]	_	_	
39-8	6080-6086	formed	*[6]	_	_	
39-9	6087-6089	by	*[6]	_	_	
39-10	6090-6094	case	*[6]	_	_	
39-11	6095-6102	studies	*[6]	_	_	
39-12	6103-6107	from	*[6]	_	_	
39-13	6108-6115	Central	*[6]	_	_	
39-14	6116-6119	and	*[6]	_	_	
39-15	6120-6133	South-Eastern	*[6]	_	_	
39-16	6134-6140	Europe	*[6]	_	_	
39-17	6140-6141	.	*[6]	_	_	

#Text=In her chapter, Veronika Pasynkova delves into the phenomenon of institutional informalisation and formalisation using the Social Democracy of the Polish Republic (SDRP) and the former communist trade unions as a case study.
40-1	6141-6143	In	*[6]	_	_	
40-2	6144-6147	her	*[6]	_	_	
40-3	6148-6155	chapter	*[6]	_	_	
40-4	6155-6156	,	*[6]	_	_	
40-5	6157-6165	Veronika	*[6]	_	_	
40-6	6166-6175	Pasynkova	*[6]	_	_	
40-7	6176-6182	delves	*[6]	_	_	
40-8	6183-6187	into	*[6]	_	_	
40-9	6188-6191	the	*[6]	_	_	
40-10	6192-6202	phenomenon	*[6]	_	_	
40-11	6203-6205	of	*[6]	_	_	
40-12	6206-6219	institutional	*[6]	_	_	
40-13	6220-6235	informalisation	*[6]	_	_	
40-14	6236-6239	and	*[6]	_	_	
40-15	6240-6253	formalisation	*[6]	_	_	
40-16	6254-6259	using	*[6]	_	_	
40-17	6260-6263	the	*[6]	_	_	
40-18	6264-6270	Social	*[6]	_	_	
40-19	6271-6280	Democracy	*[6]	_	_	
40-20	6281-6283	of	*[6]	_	_	
40-21	6284-6287	the	*[6]	_	_	
40-22	6288-6294	Polish	*[6]	_	_	
40-23	6295-6303	Republic	*[6]	_	_	
40-24	6304-6305	(	*[6]	_	_	
40-25	6305-6309	SDRP	*[6]	_	_	
40-26	6309-6310	)	*[6]	_	_	
40-27	6311-6314	and	*[6]	_	_	
40-28	6315-6318	the	*[6]	_	_	
40-29	6319-6325	former	*[6]	_	_	
40-30	6326-6335	communist	*[6]	_	_	
40-31	6336-6341	trade	*[6]	_	_	
40-32	6342-6348	unions	*[6]	_	_	
40-33	6349-6351	as	*[6]	_	_	
40-34	6352-6353	a	*[6]	_	_	
40-35	6354-6358	case	*[6]	_	_	
40-36	6359-6364	study	*[6]	_	_	
40-37	6364-6365	.	*[6]	_	_	

#Text=The processes of institutional informalisation and formalisation synchronised the communist legacy and, thus, provided a balanced co-existence of post-communist formality and informality.
41-1	6365-6368	The	*[6]	_	_	
41-2	6369-6378	processes	*[6]	_	_	
41-3	6379-6381	of	*[6]	_	_	
41-4	6382-6395	institutional	*[6]	_	_	
41-5	6396-6411	informalisation	*[6]	_	_	
41-6	6412-6415	and	*[6]	_	_	
41-7	6416-6429	formalisation	*[6]	_	_	
41-8	6430-6442	synchronised	*[6]	_	_	
41-9	6443-6446	the	*[6]	_	_	
41-10	6447-6456	communist	*[6]	_	_	
41-11	6457-6463	legacy	*[6]	_	_	
41-12	6464-6467	and	*[6]	_	_	
41-13	6467-6468	,	*[6]	_	_	
41-14	6469-6473	thus	*[6]	_	_	
41-15	6473-6474	,	*[6]	_	_	
41-16	6475-6483	provided	*[6]	_	_	
41-17	6484-6485	a	*[6]	_	_	
41-18	6486-6494	balanced	*[6]	_	_	
41-19	6495-6507	co-existence	*[6]	_	_	
41-20	6508-6510	of	*[6]	_	_	
41-21	6511-6525	post-communist	*[6]	_	_	
41-22	6526-6535	formality	*[6]	_	_	
41-23	6536-6539	and	*[6]	_	_	
41-24	6540-6551	informality	*[6]	_	_	
41-25	6551-6552	.	*[6]	_	_	

#Text=According to the chapter on informality in post-socialist Bulgarian politics by Katerina Gehl and Klaus Roth, informality is both a quasi-natural and a populist strategy to maintain the legitimacy and support for the ruling class.
42-1	6552-6561	According	*[6]	_	_	
42-2	6562-6564	to	*[6]	_	_	
42-3	6565-6568	the	*[6]	_	_	
42-4	6569-6576	chapter	*[6]	_	_	
42-5	6577-6579	on	*[6]	_	_	
42-6	6580-6591	informality	*[6]	_	_	
42-7	6592-6594	in	*[6]	_	_	
42-8	6595-6609	post-socialist	*[6]	_	_	
42-9	6610-6619	Bulgarian	*[6]	_	_	
42-10	6620-6628	politics	*[6]	_	_	
42-11	6629-6631	by	*[6]	_	_	
42-12	6632-6640	Katerina	*[6]	_	_	
42-13	6641-6645	Gehl	*[6]	_	_	
42-14	6646-6649	and	*[6]	_	_	
42-15	6650-6655	Klaus	*[6]	_	_	
42-16	6656-6660	Roth	*[6]	_	_	
42-17	6660-6661	,	*[6]	_	_	
42-18	6662-6673	informality	*[6]	_	_	
42-19	6674-6676	is	*[6]	_	_	
42-20	6677-6681	both	*[6]	_	_	
42-21	6682-6683	a	*[6]	_	_	
42-22	6684-6697	quasi-natural	*[6]	_	_	
42-23	6698-6701	and	*[6]	_	_	
42-24	6702-6703	a	*[6]	_	_	
42-25	6704-6712	populist	*[6]	_	_	
42-26	6713-6721	strategy	*[6]	_	_	
42-27	6722-6724	to	*[6]	_	_	
42-28	6725-6733	maintain	*[6]	_	_	
42-29	6734-6737	the	*[6]	_	_	
42-30	6738-6748	legitimacy	*[6]	_	_	
42-31	6749-6752	and	*[6]	_	_	
42-32	6753-6760	support	*[6]	_	_	
42-33	6761-6764	for	*[6]	_	_	
42-34	6765-6768	the	*[6]	_	_	
42-35	6769-6775	ruling	*[6]	_	_	
42-36	6776-6781	class	*[6]	_	_	
42-37	6781-6782	.	*[6]	_	_	

#Text=This is well refl ected in the case of Bulgarian Prime Minister Bojko Borisov, whose populist political tactics include formulating an opinion about himself as a powerful, strong man from a lower class background.
43-1	6782-6786	This	*[6]	_	_	
43-2	6787-6789	is	*[6]	_	_	
43-3	6790-6794	well	*[6]	_	_	
43-4	6795-6799	refl	*[6]	_	_	
43-5	6800-6805	ected	*[6]	_	_	
43-6	6806-6808	in	*[6]	_	_	
43-7	6809-6812	the	*[6]	_	_	
43-8	6813-6817	case	*[6]	_	_	
43-9	6818-6820	of	*[6]	_	_	
43-10	6821-6830	Bulgarian	*[6]	_	_	
43-11	6831-6836	Prime	*[6]	_	_	
43-12	6837-6845	Minister	*[6]	_	_	
43-13	6846-6851	Bojko	*[6]	_	_	
43-14	6852-6859	Borisov	*[6]	_	_	
43-15	6859-6860	,	*[6]	_	_	
43-16	6861-6866	whose	*[6]	_	_	
43-17	6867-6875	populist	*[6]	_	_	
43-18	6876-6885	political	*[6]	_	_	
43-19	6886-6893	tactics	*[6]	_	_	
43-20	6894-6901	include	*[6]	_	_	
43-21	6902-6913	formulating	*[6]	_	_	
43-22	6914-6916	an	*[6]	_	_	
43-23	6917-6924	opinion	*[6]	_	_	
43-24	6925-6930	about	*[6]	_	_	
43-25	6931-6938	himself	*[6]	_	_	
43-26	6939-6941	as	*[6]	_	_	
43-27	6942-6943	a	*[6]	_	_	
43-28	6944-6952	powerful	*[6]	_	_	
43-29	6952-6953	,	*[6]	_	_	
43-30	6954-6960	strong	*[6]	_	_	
43-31	6961-6964	man	*[6]	_	_	
43-32	6965-6969	from	*[6]	_	_	
43-33	6970-6971	a	*[6]	_	_	
43-34	6972-6977	lower	*[6]	_	_	
43-35	6978-6983	class	*[6]	_	_	
43-36	6984-6994	background	*[6]	_	_	
43-37	6994-6995	.	*[6]	_	_	

#Text=François Ruegg’s chapter questions the conventional belief that informality is harmful, arguing that in the Roma case it has a positive eff ect.
44-1	6995-7003	François	*[6]	_	_	
44-2	7004-7011	Ruegg’s	*[6]	_	_	
44-3	7012-7019	chapter	*[6]	_	_	
44-4	7020-7029	questions	*[6]	_	_	
44-5	7030-7033	the	*[6]	_	_	
44-6	7034-7046	conventional	*[6]	_	_	
44-7	7047-7053	belief	*[6]	_	_	
44-8	7054-7058	that	*[6]	_	_	
44-9	7059-7070	informality	*[6]	_	_	
44-10	7071-7073	is	*[6]	_	_	
44-11	7074-7081	harmful	*[6]	_	_	
44-12	7081-7082	,	*[6]	_	_	
44-13	7083-7090	arguing	*[6]	_	_	
44-14	7091-7095	that	*[6]	_	_	
44-15	7096-7098	in	*[6]	_	_	
44-16	7099-7102	the	*[6]	_	_	
44-17	7103-7107	Roma	*[6]	_	_	
44-18	7108-7112	case	*[6]	_	_	
44-19	7113-7115	it	*[6]	_	_	
44-20	7116-7119	has	*[6]	_	_	
44-21	7120-7121	a	*[6]	_	_	
44-22	7122-7130	positive	*[6]	_	_	
44-23	7131-7134	eff	*[6]	_	_	
44-24	7135-7138	ect	*[6]	_	_	
44-25	7138-7139	.	*[6]	_	_	

#Text=According to Ruegg, the formalisation of the Roma minority would result in the stigmatisation of this group and its exclusion from society.
45-1	7139-7148	According	*[6]	_	_	
45-2	7149-7151	to	*[6]	_	_	
45-3	7152-7157	Ruegg	*[6]	_	_	
45-4	7157-7158	,	*[6]	_	_	
45-5	7159-7162	the	*[6]	_	_	
45-6	7163-7176	formalisation	*[6]	_	_	
45-7	7177-7179	of	*[6]	_	_	
45-8	7180-7183	the	*[6]	_	_	
45-9	7184-7188	Roma	*[6]	_	_	
45-10	7189-7197	minority	*[6]	_	_	
45-11	7198-7203	would	*[6]	_	_	
45-12	7204-7210	result	*[6]	_	_	
45-13	7211-7213	in	*[6]	_	_	
45-14	7214-7217	the	*[6]	_	_	
45-15	7218-7232	stigmatisation	*[6]	_	_	
45-16	7233-7235	of	*[6]	_	_	
45-17	7236-7240	this	*[6]	_	_	
45-18	7241-7246	group	*[6]	_	_	
45-19	7247-7250	and	*[6]	_	_	
45-20	7251-7254	its	*[6]	_	_	
45-21	7255-7264	exclusion	*[6]	_	_	
45-22	7265-7269	from	*[6]	_	_	
45-23	7270-7277	society	*[6]	_	_	
45-24	7277-7278	.	*[6]	_	_	

#Text=More informality in employment law would provide the Roma with an opportunity ‘to work unnoticed in regular jobs’ (p. 313) and thus escape discrimination.
46-1	7278-7282	More	*[6]	_	_	
46-2	7283-7294	informality	*[6]	_	_	
46-3	7295-7297	in	*[6]	_	_	
46-4	7298-7308	employment	*[6]	_	_	
46-5	7309-7312	law	*[6]	_	_	
46-6	7313-7318	would	*[6]	_	_	
46-7	7319-7326	provide	*[6]	_	_	
46-8	7327-7330	the	*[6]	_	_	
46-9	7331-7335	Roma	*[6]	_	_	
46-10	7336-7340	with	*[6]	_	_	
46-11	7341-7343	an	*[6]	_	_	
46-12	7344-7355	opportunity	*[6]	_	_	
46-13	7356-7359	‘to	*[6]	_	_	
46-14	7360-7364	work	*[6]	_	_	
46-15	7365-7374	unnoticed	*[6]	_	_	
46-16	7375-7377	in	*[6]	_	_	
46-17	7378-7385	regular	*[6]	_	_	
46-18	7386-7390	jobs	*[6]	_	_	
46-19	7390-7391	’	*[6]	_	_	
46-20	7392-7393	(	*[6]	_	_	
46-21	7393-7394	p	*[6]	_	_	
46-22	7394-7395	.	*[6]	_	_	
46-23	7396-7399	313	*[6]	_	_	
46-24	7399-7400	)	*[6]	_	_	
46-25	7401-7404	and	*[6]	_	_	
46-26	7405-7409	thus	*[6]	_	_	
46-27	7410-7416	escape	*[6]	_	_	
46-28	7417-7431	discrimination	*[6]	_	_	
46-29	7431-7432	.	*[6]	_	_	

#Text=In terms of the role of the media, the author stresses that current formality - the mainstream culture of this industry - produces images of the Roma people as unavoidably beggars, thieves or musicians.
47-1	7432-7434	In	*[6]	_	_	
47-2	7435-7440	terms	*[6]	_	_	
47-3	7441-7443	of	*[6]	_	_	
47-4	7444-7447	the	*[6]	_	_	
47-5	7448-7452	role	*[6]	_	_	
47-6	7453-7455	of	*[6]	_	_	
47-7	7456-7459	the	*[6]	_	_	
47-8	7460-7465	media	*[6]	_	_	
47-9	7465-7466	,	*[6]	_	_	
47-10	7467-7470	the	*[6]	_	_	
47-11	7471-7477	author	*[6]	_	_	
47-12	7478-7486	stresses	*[6]	_	_	
47-13	7487-7491	that	*[6]	_	_	
47-14	7492-7499	current	*[6]	_	_	
47-15	7500-7509	formality	*[6]	_	_	
47-16	7510-7511	-	*[6]	_	_	
47-17	7512-7515	the	*[6]	_	_	
47-18	7516-7526	mainstream	*[6]	_	_	
47-19	7527-7534	culture	*[6]	_	_	
47-20	7535-7537	of	*[6]	_	_	
47-21	7538-7542	this	*[6]	_	_	
47-22	7543-7551	industry	*[6]	_	_	
47-23	7552-7553	-	*[6]	_	_	
47-24	7554-7562	produces	*[6]	_	_	
47-25	7563-7569	images	*[6]	_	_	
47-26	7570-7572	of	*[6]	_	_	
47-27	7573-7576	the	*[6]	_	_	
47-28	7577-7581	Roma	*[6]	_	_	
47-29	7582-7588	people	*[6]	_	_	
47-30	7589-7591	as	*[6]	_	_	
47-31	7592-7603	unavoidably	*[6]	_	_	
47-32	7604-7611	beggars	*[6]	_	_	
47-33	7611-7612	,	*[6]	_	_	
47-34	7613-7620	thieves	*[6]	_	_	
47-35	7621-7623	or	*[6]	_	_	
47-36	7624-7633	musicians	*[6]	_	_	
47-37	7633-7634	.	*[6]	_	_	

#Text=In this case, informality could be used to alleviate such misrepresentation and would help to introduce a more positive and varied spectrum of these people as businessmen, craftsmen or intellectuals.
48-1	7634-7636	In	*[6]	_	_	
48-2	7637-7641	this	*[6]	_	_	
48-3	7642-7646	case	*[6]	_	_	
48-4	7646-7647	,	*[6]	_	_	
48-5	7648-7659	informality	*[6]	_	_	
48-6	7660-7665	could	*[6]	_	_	
48-7	7666-7668	be	*[6]	_	_	
48-8	7669-7673	used	*[6]	_	_	
48-9	7674-7676	to	*[6]	_	_	
48-10	7677-7686	alleviate	*[6]	_	_	
48-11	7687-7691	such	*[6]	_	_	
48-12	7692-7709	misrepresentation	*[6]	_	_	
48-13	7710-7713	and	*[6]	_	_	
48-14	7714-7719	would	*[6]	_	_	
48-15	7720-7724	help	*[6]	_	_	
48-16	7725-7727	to	*[6]	_	_	
48-17	7728-7737	introduce	*[6]	_	_	
48-18	7738-7739	a	*[6]	_	_	
48-19	7740-7744	more	*[6]	_	_	
48-20	7745-7753	positive	*[6]	_	_	
48-21	7754-7757	and	*[6]	_	_	
48-22	7758-7764	varied	*[6]	_	_	
48-23	7765-7773	spectrum	*[6]	_	_	
48-24	7774-7776	of	*[6]	_	_	
48-25	7777-7782	these	*[6]	_	_	
48-26	7783-7789	people	*[6]	_	_	
48-27	7790-7792	as	*[6]	_	_	
48-28	7793-7804	businessmen	*[6]	_	_	
48-29	7804-7805	,	*[6]	_	_	
48-30	7806-7815	craftsmen	*[6]	_	_	
48-31	7816-7818	or	*[6]	_	_	
48-32	7819-7832	intellectuals	*[6]	_	_	
48-33	7832-7833	.	*[6]	_	_	

#Text=The fi nal part of the volume is formed by case studies taken from the post-Soviet environment.
49-1	7833-7836	The	*[6]	_	_	
49-2	7837-7839	fi	*[6]	_	_	
49-3	7840-7843	nal	*[6]	_	_	
49-4	7844-7848	part	*[6]	_	_	
49-5	7849-7851	of	*[6]	_	_	
49-6	7852-7855	the	*[6]	_	_	
49-7	7856-7862	volume	*[6]	_	_	
49-8	7863-7865	is	*[6]	_	_	
49-9	7866-7872	formed	*[6]	_	_	
49-10	7873-7875	by	*[6]	_	_	
49-11	7876-7880	case	*[6]	_	_	
49-12	7881-7888	studies	*[6]	_	_	
49-13	7889-7894	taken	*[6]	_	_	
49-14	7895-7899	from	*[6]	_	_	
49-15	7900-7903	the	*[6]	_	_	
49-16	7904-7915	post-Soviet	*[6]	_	_	
49-17	7916-7927	environment	*[6]	_	_	
49-18	7927-7928	.	*[6]	_	_	

#Text=In his chapter, Jonathan Wheatley provides an investigation into the dynamic of the relationship between informal and formal institutions in the former Soviet Union and makes an observation regarding possible informal institutional change.
50-1	7928-7930	In	*[6]	_	_	
50-2	7931-7934	his	*[6]	_	_	
50-3	7935-7942	chapter	*[6]	_	_	
50-4	7942-7943	,	*[6]	_	_	
50-5	7944-7952	Jonathan	*[6]	_	_	
50-6	7953-7961	Wheatley	*[6]	_	_	
50-7	7962-7970	provides	*[6]	_	_	
50-8	7971-7973	an	*[6]	_	_	
50-9	7974-7987	investigation	*[6]	_	_	
50-10	7988-7992	into	*[6]	_	_	
50-11	7993-7996	the	*[6]	_	_	
50-12	7997-8004	dynamic	*[6]	_	_	
50-13	8005-8007	of	*[6]	_	_	
50-14	8008-8011	the	*[6]	_	_	
50-15	8012-8024	relationship	*[6]	_	_	
50-16	8025-8032	between	*[6]	_	_	
50-17	8033-8041	informal	*[6]	_	_	
50-18	8042-8045	and	*[6]	_	_	
50-19	8046-8052	formal	*[6]	_	_	
50-20	8053-8065	institutions	*[6]	_	_	
50-21	8066-8068	in	*[6]	_	_	
50-22	8069-8072	the	*[6]	_	_	
50-23	8073-8079	former	*[6]	_	_	
50-24	8080-8086	Soviet	*[6]	_	_	
50-25	8087-8092	Union	*[6]	_	_	
50-26	8093-8096	and	*[6]	_	_	
50-27	8097-8102	makes	*[6]	_	_	
50-28	8103-8105	an	*[6]	_	_	
50-29	8106-8117	observation	*[6]	_	_	
50-30	8118-8127	regarding	*[6]	_	_	
50-31	8128-8136	possible	*[6]	_	_	
50-32	8137-8145	informal	*[6]	_	_	
50-33	8146-8159	institutional	*[6]	_	_	
50-34	8160-8166	change	*[6]	_	_	
50-35	8166-8167	.	*[6]	_	_	

#Text=The author argues that democracy is not a likely outcome in political circumstances where informal institutions are playing the dominant role.
51-1	8167-8170	The	*[6]	_	_	
51-2	8171-8177	author	*[6]	_	_	
51-3	8178-8184	argues	*[6]	_	_	
51-4	8185-8189	that	*[6]	_	_	
51-5	8190-8199	democracy	*[6]	_	_	
51-6	8200-8202	is	*[6]	_	_	
51-7	8203-8206	not	*[6]	_	_	
51-8	8207-8208	a	*[6]	_	_	
51-9	8209-8215	likely	*[6]	_	_	
51-10	8216-8223	outcome	*[6]	_	_	
51-11	8224-8226	in	*[6]	_	_	
51-12	8227-8236	political	*[6]	_	_	
51-13	8237-8250	circumstances	*[6]	_	_	
51-14	8251-8256	where	*[6]	_	_	
51-15	8257-8265	informal	*[6]	_	_	
51-16	8266-8278	institutions	*[6]	_	_	
51-17	8279-8282	are	*[6]	_	_	
51-18	8283-8290	playing	*[6]	_	_	
51-19	8291-8294	the	*[6]	_	_	
51-20	8295-8303	dominant	*[6]	_	_	
51-21	8304-8308	role	*[6]	_	_	
51-22	8308-8309	.	*[6]	_	_	

#Text=The author also claims that political change must be started ‘from outside the governing political elite rather than from within it’ (p. 334).
52-1	8309-8312	The	*[6]	_	_	
52-2	8313-8319	author	*[6]	_	_	
52-3	8320-8324	also	*[6]	_	_	
52-4	8325-8331	claims	*[6]	_	_	
52-5	8332-8336	that	*[6]	_	_	
52-6	8337-8346	political	*[6]	_	_	
52-7	8347-8353	change	*[6]	_	_	
52-8	8354-8358	must	*[6]	_	_	
52-9	8359-8361	be	*[6]	_	_	
52-10	8362-8369	started	*[6]	_	_	
52-11	8370-8375	‘from	*[6]	_	_	
52-12	8376-8383	outside	*[6]	_	_	
52-13	8384-8387	the	*[6]	_	_	
52-14	8388-8397	governing	*[6]	_	_	
52-15	8398-8407	political	*[6]	_	_	
52-16	8408-8413	elite	*[6]	_	_	
52-17	8414-8420	rather	*[6]	_	_	
52-18	8421-8425	than	*[6]	_	_	
52-19	8426-8430	from	*[6]	_	_	
52-20	8431-8437	within	*[6]	_	_	
52-21	8438-8440	it	*[6]	_	_	
52-22	8440-8441	’	*[6]	_	_	
52-23	8442-8443	(	*[6]	_	_	
52-24	8443-8444	p	*[6]	_	_	
52-25	8444-8445	.	*[6]	_	_	
52-26	8446-8450	334)	*[6]	_	_	
52-27	8450-8451	.	*[6]	_	_	

#Text=Andrea Friedli’s chapter discusses the public representation of Tatar ethno- cultural youth movements in Kazan.
53-1	8451-8457	Andrea	*[6]	_	_	
53-2	8458-8467	Friedli’s	*[6]	_	_	
53-3	8468-8475	chapter	*[6]	_	_	
53-4	8476-8485	discusses	*[6]	_	_	
53-5	8486-8489	the	*[6]	_	_	
53-6	8490-8496	public	*[6]	_	_	
53-7	8497-8511	representation	*[6]	_	_	
53-8	8512-8514	of	*[6]	_	_	
53-9	8515-8520	Tatar	*[6]	_	_	
53-10	8521-8526	ethno	*[6]	_	_	
53-11	8526-8527	-	*[6]	_	_	
53-12	8528-8536	cultural	*[6]	_	_	
53-13	8537-8542	youth	*[6]	_	_	
53-14	8543-8552	movements	*[6]	_	_	
53-15	8553-8555	in	*[6]	_	_	
53-16	8556-8561	Kazan	*[6]	_	_	
53-17	8561-8562	.	*[6]	_	_	

#Text=James C. Scott’s suggested function of informality as a ‘weapon of the weak’ (Scott, 1985) is applied to the Tatar case.
54-1	8562-8567	James	*[6]	R2[8]	bibr[8]	
54-2	8568-8570	C.	*[6]	R2[8]	bibr[8]	
54-3	8571-8578	Scott’s	*[6]	R2[8]	bibr[8]	
54-4	8579-8588	suggested	*[6]	R2[8]	bibr[8]	
54-5	8589-8597	function	*[6]	R2[8]	bibr[8]	
54-6	8598-8600	of	*[6]	R2[8]	bibr[8]	
54-7	8601-8612	informality	*[6]	R2[8]	bibr[8]	
54-8	8613-8615	as	*[6]	R2[8]	bibr[8]	
54-9	8616-8617	a	*[6]	R2[8]	bibr[8]	
54-10	8618-8625	‘weapon	*[6]	R2[8]	bibr[8]	
54-11	8626-8628	of	*[6]	R2[8]	bibr[8]	
54-12	8629-8632	the	*[6]	R2[8]	bibr[8]	
54-13	8633-8637	weak	*[6]	R2[8]	bibr[8]	
54-14	8637-8638	’	*[6]	R2[8]	bibr[8]	
54-15	8639-8640	(	*[6]	R2[8]	bibr[8]	
54-16	8640-8645	Scott	*[6]	_	_	
54-16.1	8640-8641	S	_	R2[8]	bibr[8]	
54-17	8645-8646	,	*[6]	_	_	
54-18	8647-8651	1985	*[6]	_	_	
54-19	8651-8652	)	*[6]	_	_	
54-20	8653-8655	is	*[6]	_	_	
54-21	8656-8663	applied	*[6]	_	_	
54-22	8664-8666	to	*[6]	_	_	
54-23	8667-8670	the	*[6]	_	_	
54-24	8671-8676	Tatar	*[6]	_	_	
54-25	8677-8681	case	*[6]	_	_	
54-26	8681-8682	.	*[6]	_	_	

#Text=This weapon gives members of the Tatar youth movements the opportunity to speak out and participate in subjects of public interest.
55-1	8682-8686	This	*[6]	_	_	
55-2	8687-8693	weapon	*[6]	_	_	
55-3	8694-8699	gives	*[6]	_	_	
55-4	8700-8707	members	*[6]	_	_	
55-5	8708-8710	of	*[6]	_	_	
55-6	8711-8714	the	*[6]	_	_	
55-7	8715-8720	Tatar	*[6]	_	_	
55-8	8721-8726	youth	*[6]	_	_	
55-9	8727-8736	movements	*[6]	_	_	
55-10	8737-8740	the	*[6]	_	_	
55-11	8741-8752	opportunity	*[6]	_	_	
55-12	8753-8755	to	*[6]	_	_	
55-13	8756-8761	speak	*[6]	_	_	
55-14	8762-8765	out	*[6]	_	_	
55-15	8766-8769	and	*[6]	_	_	
55-16	8770-8781	participate	*[6]	_	_	
55-17	8782-8784	in	*[6]	_	_	
55-18	8785-8793	subjects	*[6]	_	_	
55-19	8794-8796	of	*[6]	_	_	
55-20	8797-8803	public	*[6]	_	_	
55-21	8804-8812	interest	*[6]	_	_	
55-22	8812-8813	.	*[6]	_	_	

#Text=The chapter written by Elvira Leontyeva examines informal network exchanges in Russian universities.
56-1	8813-8816	The	*[6]	_	_	
56-2	8817-8824	chapter	*[6]	_	_	
56-3	8825-8832	written	*[6]	_	_	
56-4	8833-8835	by	*[6]	_	_	
56-5	8836-8842	Elvira	*[6]	_	_	
56-6	8843-8852	Leontyeva	*[6]	_	_	
56-7	8853-8861	examines	*[6]	_	_	
56-8	8862-8870	informal	*[6]	_	_	
56-9	8871-8878	network	*[6]	_	_	
56-10	8879-8888	exchanges	*[6]	_	_	
56-11	8889-8891	in	*[6]	_	_	
56-12	8892-8899	Russian	*[6]	_	_	
56-13	8900-8912	universities	*[6]	_	_	
56-14	8912-8913	.	*[6]	_	_	

#Text=Interestingly, the author observes that the most common corruption practices include non-monetary exchange.
57-1	8913-8926	Interestingly	*[6]	_	_	
57-2	8926-8927	,	*[6]	_	_	
57-3	8928-8931	the	*[6]	_	_	
57-4	8932-8938	author	*[6]	_	_	
57-5	8939-8947	observes	*[6]	_	_	
57-6	8948-8952	that	*[6]	_	_	
57-7	8953-8956	the	*[6]	_	_	
57-8	8957-8961	most	*[6]	_	_	
57-9	8962-8968	common	*[6]	_	_	
57-10	8969-8979	corruption	*[6]	_	_	
57-11	8980-8989	practices	*[6]	_	_	
57-12	8990-8997	include	*[6]	_	_	
57-13	8998-9010	non-monetary	*[6]	_	_	
57-14	9011-9019	exchange	*[6]	_	_	
57-15	9019-9020	.	*[6]	_	_	

#Text=According to the author ‘[a]s one small part of a large system, the Russian university refl ects social rules and norms like a mirror, adapting them to its own realities’(p.375).
58-1	9020-9029	According	*[6]	_	_	
58-2	9030-9032	to	*[6]	_	_	
58-3	9033-9036	the	*[6]	_	_	
58-4	9037-9043	author	*[6]	_	_	
58-5	9044-9049	‘[a]s	*[6]	_	_	
58-6	9050-9053	one	*[6]	_	_	
58-7	9054-9059	small	*[6]	_	_	
58-8	9060-9064	part	*[6]	_	_	
58-9	9065-9067	of	*[6]	_	_	
58-10	9068-9069	a	*[6]	_	_	
58-11	9070-9075	large	*[6]	_	_	
58-12	9076-9082	system	*[6]	_	_	
58-13	9082-9083	,	*[6]	_	_	
58-14	9084-9087	the	*[6]	_	_	
58-15	9088-9095	Russian	*[6]	_	_	
58-16	9096-9106	university	*[6]	_	_	
58-17	9107-9111	refl	*[6]	_	_	
58-18	9112-9116	ects	*[6]	_	_	
58-19	9117-9123	social	*[6]	_	_	
58-20	9124-9129	rules	*[6]	_	_	
58-21	9130-9133	and	*[6]	_	_	
58-22	9134-9139	norms	*[6]	_	_	
58-23	9140-9144	like	*[6]	_	_	
58-24	9145-9146	a	*[6]	_	_	
58-25	9147-9153	mirror	*[6]	_	_	
58-26	9153-9154	,	*[6]	_	_	
58-27	9155-9163	adapting	*[6]	_	_	
58-28	9164-9168	them	*[6]	_	_	
58-29	9169-9171	to	*[6]	_	_	
58-30	9172-9175	its	*[6]	_	_	
58-31	9176-9179	own	*[6]	_	_	
58-32	9180-9189	realities	*[6]	_	_	
58-33	9189-9191	’(	*[6]	_	_	
58-34	9191-9196	p.375	*[6]	_	_	
58-35	9196-9197	)	*[6]	_	_	
58-36	9197-9198	.	*[6]	_	_	

#Text=One of the most prevalent informal practices that is exercised in this ‘specifi c closed system’ (p.375) of universities is the long history of blat.
59-1	9198-9201	One	*[6]	_	_	
59-2	9202-9204	of	*[6]	_	_	
59-3	9205-9208	the	*[6]	_	_	
59-4	9209-9213	most	*[6]	_	_	
59-5	9214-9223	prevalent	*[6]	_	_	
59-6	9224-9232	informal	*[6]	_	_	
59-7	9233-9242	practices	*[6]	_	_	
59-8	9243-9247	that	*[6]	_	_	
59-9	9248-9250	is	*[6]	_	_	
59-10	9251-9260	exercised	*[6]	_	_	
59-11	9261-9263	in	*[6]	_	_	
59-12	9264-9268	this	*[6]	_	_	
59-13	9269-9277	‘specifi	*[6]	_	_	
59-14	9278-9279	c	*[6]	_	_	
59-15	9280-9286	closed	*[6]	_	_	
59-16	9287-9293	system	*[6]	_	_	
59-17	9293-9294	’	*[6]	_	_	
59-18	9295-9296	(	*[6]	_	_	
59-19	9296-9301	p.375	*[6]	_	_	
59-20	9301-9302	)	*[6]	_	_	
59-21	9303-9305	of	*[6]	_	_	
59-22	9306-9318	universities	*[6]	_	_	
59-23	9319-9321	is	*[6]	_	_	
59-24	9322-9325	the	*[6]	_	_	
59-25	9326-9330	long	*[6]	_	_	
59-26	9331-9338	history	*[6]	_	_	
59-27	9339-9341	of	*[6]	_	_	
59-28	9342-9346	blat	*[6]	_	_	
59-29	9346-9347	.	*[6]	_	_	

#Text=This practice of blat is well-defi ned by Alena V. Ledeneva as ‘the use of personal networks for obtaining goods and services in short supply and for circumventing formal procedures’ (Ledeneva, 2006, p. 1).
60-1	9347-9351	This	*[6]	R1[9]	bibr[9]	
60-2	9352-9360	practice	*[6]	R1[9]	bibr[9]	
60-3	9361-9363	of	*[6]	R1[9]	bibr[9]	
60-4	9364-9368	blat	*[6]	R1[9]	bibr[9]	
60-5	9369-9371	is	*[6]	R1[9]	bibr[9]	
60-6	9372-9381	well-defi	*[6]	R1[9]	bibr[9]	
60-7	9382-9385	ned	*[6]	R1[9]	bibr[9]	
60-8	9386-9388	by	*[6]	R1[9]	bibr[9]	
60-9	9389-9394	Alena	*[6]	R1[9]	bibr[9]	
60-10	9395-9397	V.	*[6]	R1[9]	bibr[9]	
60-11	9398-9406	Ledeneva	*[6]	R1[9]	bibr[9]	
60-12	9407-9409	as	*[6]	R1[9]	bibr[9]	
60-13	9410-9414	‘the	*[6]	R1[9]	bibr[9]	
60-14	9415-9418	use	*[6]	R1[9]	bibr[9]	
60-15	9419-9421	of	*[6]	R1[9]	bibr[9]	
60-16	9422-9430	personal	*[6]	R1[9]	bibr[9]	
60-17	9431-9439	networks	*[6]	R1[9]	bibr[9]	
60-18	9440-9443	for	*[6]	R1[9]	bibr[9]	
60-19	9444-9453	obtaining	*[6]	R1[9]	bibr[9]	
60-20	9454-9459	goods	*[6]	R1[9]	bibr[9]	
60-21	9460-9463	and	*[6]	R1[9]	bibr[9]	
60-22	9464-9472	services	*[6]	R1[9]	bibr[9]	
60-23	9473-9475	in	*[6]	R1[9]	bibr[9]	
60-24	9476-9481	short	*[6]	R1[9]	bibr[9]	
60-25	9482-9488	supply	*[6]	R1[9]	bibr[9]	
60-26	9489-9492	and	*[6]	R1[9]	bibr[9]	
60-27	9493-9496	for	*[6]	R1[9]	bibr[9]	
60-28	9497-9510	circumventing	*[6]	R1[9]	bibr[9]	
60-29	9511-9517	formal	*[6]	R1[9]	bibr[9]	
60-30	9518-9528	procedures	*[6]	R1[9]	bibr[9]	
60-31	9528-9529	’	*[6]	R1[9]	bibr[9]	
60-32	9530-9531	(	*[6]	R1[9]	bibr[9]	
60-33	9531-9539	Ledeneva	*[6]	_	_	
60-33.1	9531-9532	L	_	R1[9]	bibr[9]	
60-34	9539-9540	,	*[6]	_	_	
60-35	9541-9545	2006	*[6]	_	_	
60-36	9545-9546	,	*[6]	_	_	
60-37	9547-9548	p	*[6]	_	_	
60-38	9548-9549	.	*[6]	_	_	
60-39	9550-9551	1	*[6]	_	_	
60-40	9551-9552	)	*[6]	_	_	
60-41	9552-9553	.	*[6]	_	_	

#Text=In the case of the universities, this informal practice can be interpreted as a shadow exchange of grades, which plays a role in the means of survival in the corrupt system of education.
61-1	9553-9555	In	*[6]	_	_	
61-2	9556-9559	the	*[6]	_	_	
61-3	9560-9564	case	*[6]	_	_	
61-4	9565-9567	of	*[6]	_	_	
61-5	9568-9571	the	*[6]	_	_	
61-6	9572-9584	universities	*[6]	_	_	
61-7	9584-9585	,	*[6]	_	_	
61-8	9586-9590	this	*[6]	_	_	
61-9	9591-9599	informal	*[6]	_	_	
61-10	9600-9608	practice	*[6]	_	_	
61-11	9609-9612	can	*[6]	_	_	
61-12	9613-9615	be	*[6]	_	_	
61-13	9616-9627	interpreted	*[6]	_	_	
61-14	9628-9630	as	*[6]	_	_	
61-15	9631-9632	a	*[6]	_	_	
61-16	9633-9639	shadow	*[6]	_	_	
61-17	9640-9648	exchange	*[6]	_	_	
61-18	9649-9651	of	*[6]	_	_	
61-19	9652-9658	grades	*[6]	_	_	
61-20	9658-9659	,	*[6]	_	_	
61-21	9660-9665	which	*[6]	_	_	
61-22	9666-9671	plays	*[6]	_	_	
61-23	9672-9673	a	*[6]	_	_	
61-24	9674-9678	role	*[6]	_	_	
61-25	9679-9681	in	*[6]	_	_	
61-26	9682-9685	the	*[6]	_	_	
61-27	9686-9691	means	*[6]	_	_	
61-28	9692-9694	of	*[6]	_	_	
61-29	9695-9703	survival	*[6]	_	_	
61-30	9704-9706	in	*[6]	_	_	
61-31	9707-9710	the	*[6]	_	_	
61-32	9711-9718	corrupt	*[6]	_	_	
61-33	9719-9725	system	*[6]	_	_	
61-34	9726-9728	of	*[6]	_	_	
61-35	9729-9738	education	*[6]	_	_	
61-36	9738-9739	.	*[6]	_	_	

#Text=Finally, Abel Polese’s chapter examines the functions of informality using the example of elektrichka (the ‘running bazar’ on a small train) between Odessa and Chisinau.
62-1	9739-9746	Finally	*[6]	_	_	
62-2	9746-9747	,	*[6]	_	_	
62-3	9748-9752	Abel	*[6]	_	_	
62-4	9753-9761	Polese’s	*[6]	_	_	
62-5	9762-9769	chapter	*[6]	_	_	
62-6	9770-9778	examines	*[6]	_	_	
62-7	9779-9782	the	*[6]	_	_	
62-8	9783-9792	functions	*[6]	_	_	
62-9	9793-9795	of	*[6]	_	_	
62-10	9796-9807	informality	*[6]	_	_	
62-11	9808-9813	using	*[6]	_	_	
62-12	9814-9817	the	*[6]	_	_	
62-13	9818-9825	example	*[6]	_	_	
62-14	9826-9828	of	*[6]	_	_	
62-15	9829-9840	elektrichka	*[6]	_	_	
62-16	9841-9842	(	*[6]	_	_	
62-17	9842-9845	the	*[6]	_	_	
62-18	9846-9854	‘running	*[6]	_	_	
62-19	9855-9860	bazar	*[6]	_	_	
62-20	9860-9861	’	*[6]	_	_	
62-21	9862-9864	on	*[6]	_	_	
62-22	9865-9866	a	*[6]	_	_	
62-23	9867-9872	small	*[6]	_	_	
62-24	9873-9878	train	*[6]	_	_	
62-25	9878-9879	)	*[6]	_	_	
62-26	9880-9887	between	*[6]	_	_	
62-27	9888-9894	Odessa	*[6]	_	_	
62-28	9895-9898	and	*[6]	_	_	
62-29	9899-9907	Chisinau	*[6]	_	_	
62-30	9907-9908	.	*[6]	_	_	

#Text=The train is a refl ection of various aspects of post-socialist society (for example, corruption, shadow economy and border problems), where people are getting things done to organise their welfare without the involvement of the state.
63-1	9908-9911	The	*[6]	_	_	
63-2	9912-9917	train	*[6]	_	_	
63-3	9918-9920	is	*[6]	_	_	
63-4	9921-9922	a	*[6]	_	_	
63-5	9923-9927	refl	*[6]	_	_	
63-6	9928-9934	ection	*[6]	_	_	
63-7	9935-9937	of	*[6]	_	_	
63-8	9938-9945	various	*[6]	_	_	
63-9	9946-9953	aspects	*[6]	_	_	
63-10	9954-9956	of	*[6]	_	_	
63-11	9957-9971	post-socialist	*[6]	_	_	
63-12	9972-9979	society	*[6]	_	_	
63-13	9980-9981	(	*[6]	_	_	
63-14	9981-9984	for	*[6]	_	_	
63-15	9985-9992	example	*[6]	_	_	
63-16	9992-9993	,	*[6]	_	_	
63-17	9994-10004	corruption	*[6]	_	_	
63-18	10004-10005	,	*[6]	_	_	
63-19	10006-10012	shadow	*[6]	_	_	
63-20	10013-10020	economy	*[6]	_	_	
63-21	10021-10024	and	*[6]	_	_	
63-22	10025-10031	border	*[6]	_	_	
63-23	10032-10040	problems	*[6]	_	_	
63-24	10040-10041	)	*[6]	_	_	
63-25	10041-10042	,	*[6]	_	_	
63-26	10043-10048	where	*[6]	_	_	
63-27	10049-10055	people	*[6]	_	_	
63-28	10056-10059	are	*[6]	_	_	
63-29	10060-10067	getting	*[6]	_	_	
63-30	10068-10074	things	*[6]	_	_	
63-31	10075-10079	done	*[6]	_	_	
63-32	10080-10082	to	*[6]	_	_	
63-33	10083-10091	organise	*[6]	_	_	
63-34	10092-10097	their	*[6]	_	_	
63-35	10098-10105	welfare	*[6]	_	_	
63-36	10106-10113	without	*[6]	_	_	
63-37	10114-10117	the	*[6]	_	_	
63-38	10118-10129	involvement	*[6]	_	_	
63-39	10130-10132	of	*[6]	_	_	
63-40	10133-10136	the	*[6]	_	_	
63-41	10137-10142	state	*[6]	_	_	
63-42	10142-10143	.	*[6]	_	_	

#Text=Overall the volume brilliantly challenges the most common negative paradigms of informal practices in Eastern Europe.
64-1	10143-10150	Overall	*[6]	_	_	
64-2	10151-10154	the	*[6]	_	_	
64-3	10155-10161	volume	*[6]	_	_	
64-4	10162-10173	brilliantly	*[6]	_	_	
64-5	10174-10184	challenges	*[6]	_	_	
64-6	10185-10188	the	*[6]	_	_	
64-7	10189-10193	most	*[6]	_	_	
64-8	10194-10200	common	*[6]	_	_	
64-9	10201-10209	negative	*[6]	_	_	
64-10	10210-10219	paradigms	*[6]	_	_	
64-11	10220-10222	of	*[6]	_	_	
64-12	10223-10231	informal	*[6]	_	_	
64-13	10232-10241	practices	*[6]	_	_	
64-14	10242-10244	in	*[6]	_	_	
64-15	10245-10252	Eastern	*[6]	_	_	
64-16	10253-10259	Europe	*[6]	_	_	
64-17	10259-10260	.	*[6]	_	_	

#Text=It provides a thorough and well-illustrated discussion on the ambivalence of researchers and those aff ected by this phenomenon.
65-1	10260-10262	It	*[6]	_	_	
65-2	10263-10271	provides	*[6]	_	_	
65-3	10272-10273	a	*[6]	_	_	
65-4	10274-10282	thorough	*[6]	_	_	
65-5	10283-10286	and	*[6]	_	_	
65-6	10287-10303	well-illustrated	*[6]	_	_	
65-7	10304-10314	discussion	*[6]	_	_	
65-8	10315-10317	on	*[6]	_	_	
65-9	10318-10321	the	*[6]	_	_	
65-10	10322-10333	ambivalence	*[6]	_	_	
65-11	10334-10336	of	*[6]	_	_	
65-12	10337-10348	researchers	*[6]	_	_	
65-13	10349-10352	and	*[6]	_	_	
65-14	10353-10358	those	*[6]	_	_	
65-15	10359-10362	aff	*[6]	_	_	
65-16	10363-10368	ected	*[6]	_	_	
65-17	10369-10371	by	*[6]	_	_	
65-18	10372-10376	this	*[6]	_	_	
65-19	10377-10387	phenomenon	*[6]	_	_	
65-20	10387-10388	.	*[6]	_	_	

#Text=Furthermore, it demonstrates that there are both positive and negative aspects to informal practices.
66-1	10388-10399	Furthermore	*[6]	_	_	
66-2	10399-10400	,	*[6]	_	_	
66-3	10401-10403	it	*[6]	_	_	
66-4	10404-10416	demonstrates	*[6]	_	_	
66-5	10417-10421	that	*[6]	_	_	
66-6	10422-10427	there	*[6]	_	_	
66-7	10428-10431	are	*[6]	_	_	
66-8	10432-10436	both	*[6]	_	_	
66-9	10437-10445	positive	*[6]	_	_	
66-10	10446-10449	and	*[6]	_	_	
66-11	10450-10458	negative	*[6]	_	_	
66-12	10459-10466	aspects	*[6]	_	_	
66-13	10467-10469	to	*[6]	_	_	
66-14	10470-10478	informal	*[6]	_	_	
66-15	10479-10488	practices	*[6]	_	_	
66-16	10488-10489	.	*[6]	_	_	

#Text=The volume also convincingly illustrates that informal practices cannot simply be labelled as being solely an occurrence of this region in particular or inevitably having a negative eff ect on the functioning of a state.
67-1	10489-10492	The	*[6]	_	_	
67-2	10493-10499	volume	*[6]	_	_	
67-3	10500-10504	also	*[6]	_	_	
67-4	10505-10517	convincingly	*[6]	_	_	
67-5	10518-10529	illustrates	*[6]	_	_	
67-6	10530-10534	that	*[6]	_	_	
67-7	10535-10543	informal	*[6]	_	_	
67-8	10544-10553	practices	*[6]	_	_	
67-9	10554-10560	cannot	*[6]	_	_	
67-10	10561-10567	simply	*[6]	_	_	
67-11	10568-10570	be	*[6]	_	_	
67-12	10571-10579	labelled	*[6]	_	_	
67-13	10580-10582	as	*[6]	_	_	
67-14	10583-10588	being	*[6]	_	_	
67-15	10589-10595	solely	*[6]	_	_	
67-16	10596-10598	an	*[6]	_	_	
67-17	10599-10609	occurrence	*[6]	_	_	
67-18	10610-10612	of	*[6]	_	_	
67-19	10613-10617	this	*[6]	_	_	
67-20	10618-10624	region	*[6]	_	_	
67-21	10625-10627	in	*[6]	_	_	
67-22	10628-10638	particular	*[6]	_	_	
67-23	10639-10641	or	*[6]	_	_	
67-24	10642-10652	inevitably	*[6]	_	_	
67-25	10653-10659	having	*[6]	_	_	
67-26	10660-10661	a	*[6]	_	_	
67-27	10662-10670	negative	*[6]	_	_	
67-28	10671-10674	eff	*[6]	_	_	
67-29	10675-10678	ect	*[6]	_	_	
67-30	10679-10681	on	*[6]	_	_	
67-31	10682-10685	the	*[6]	_	_	
67-32	10686-10697	functioning	*[6]	_	_	
67-33	10698-10700	of	*[6]	_	_	
67-34	10701-10702	a	*[6]	_	_	
67-35	10703-10708	state	*[6]	_	_	
67-36	10708-10709	.	*[6]	_	_	

#Text=To avoid generalisations, the volume is formed by both — chapters based on a theoretical-comparative perspective and by case studies from Central and South-Eastern Europe and the post-Soviet space.
68-1	10709-10711	To	*[6]	_	_	
68-2	10712-10717	avoid	*[6]	_	_	
68-3	10718-10733	generalisations	*[6]	_	_	
68-4	10733-10734	,	*[6]	_	_	
68-5	10735-10738	the	*[6]	_	_	
68-6	10739-10745	volume	*[6]	_	_	
68-7	10746-10748	is	*[6]	_	_	
68-8	10749-10755	formed	*[6]	_	_	
68-9	10756-10758	by	*[6]	_	_	
68-10	10759-10763	both	*[6]	_	_	
68-11	10764-10765	—	*[6]	_	_	
68-12	10766-10774	chapters	*[6]	_	_	
68-13	10775-10780	based	*[6]	_	_	
68-14	10781-10783	on	*[6]	_	_	
68-15	10784-10785	a	*[6]	_	_	
68-16	10786-10809	theoretical-comparative	*[6]	_	_	
68-17	10810-10821	perspective	*[6]	_	_	
68-18	10822-10825	and	*[6]	_	_	
68-19	10826-10828	by	*[6]	_	_	
68-20	10829-10833	case	*[6]	_	_	
68-21	10834-10841	studies	*[6]	_	_	
68-22	10842-10846	from	*[6]	_	_	
68-23	10847-10854	Central	*[6]	_	_	
68-24	10855-10858	and	*[6]	_	_	
68-25	10859-10872	South-Eastern	*[6]	_	_	
68-26	10873-10879	Europe	*[6]	_	_	
68-27	10880-10883	and	*[6]	_	_	
68-28	10884-10887	the	*[6]	_	_	
68-29	10888-10899	post-Soviet	*[6]	_	_	
68-30	10900-10905	space	*[6]	_	_	
68-31	10905-10906	.	*[6]	_	_	

#Text=The book off ers some novel perspectives on informal practices, viewing them as a contextual rational choice and as an alternative mechanism — a replacement of the offi cial provision of services, where the state is incapable of carrying them out.
69-1	10906-10909	The	*[6]	_	_	
69-2	10910-10914	book	*[6]	_	_	
69-3	10915-10918	off	*[6]	_	_	
69-4	10919-10922	ers	*[6]	_	_	
69-5	10923-10927	some	*[6]	_	_	
69-6	10928-10933	novel	*[6]	_	_	
69-7	10934-10946	perspectives	*[6]	_	_	
69-8	10947-10949	on	*[6]	_	_	
69-9	10950-10958	informal	*[6]	_	_	
69-10	10959-10968	practices	*[6]	_	_	
69-11	10968-10969	,	*[6]	_	_	
69-12	10970-10977	viewing	*[6]	_	_	
69-13	10978-10982	them	*[6]	_	_	
69-14	10983-10985	as	*[6]	_	_	
69-15	10986-10987	a	*[6]	_	_	
69-16	10988-10998	contextual	*[6]	_	_	
69-17	10999-11007	rational	*[6]	_	_	
69-18	11008-11014	choice	*[6]	_	_	
69-19	11015-11018	and	*[6]	_	_	
69-20	11019-11021	as	*[6]	_	_	
69-21	11022-11024	an	*[6]	_	_	
69-22	11025-11036	alternative	*[6]	_	_	
69-23	11037-11046	mechanism	*[6]	_	_	
69-24	11047-11048	—	*[6]	_	_	
69-25	11049-11050	a	*[6]	_	_	
69-26	11051-11062	replacement	*[6]	_	_	
69-27	11063-11065	of	*[6]	_	_	
69-28	11066-11069	the	*[6]	_	_	
69-29	11070-11074	offi	*[6]	_	_	
69-30	11075-11079	cial	*[6]	_	_	
69-31	11080-11089	provision	*[6]	_	_	
69-32	11090-11092	of	*[6]	_	_	
69-33	11093-11101	services	*[6]	_	_	
69-34	11101-11102	,	*[6]	_	_	
69-35	11103-11108	where	*[6]	_	_	
69-36	11109-11112	the	*[6]	_	_	
69-37	11113-11118	state	*[6]	_	_	
69-38	11119-11121	is	*[6]	_	_	
69-39	11122-11131	incapable	*[6]	_	_	
69-40	11132-11134	of	*[6]	_	_	
69-41	11135-11143	carrying	*[6]	_	_	
69-42	11144-11148	them	*[6]	_	_	
69-43	11149-11152	out	*[6]	_	_	
69-44	11152-11153	.	*[6]	_	_	

#Text=Likewise, the book emphasises the dynamic nature of informality, which makes it diffi cult to make judgements regarding this phenomenon, especially from the outsider’s perspective.
70-1	11153-11161	Likewise	*[6]	_	_	
70-2	11161-11162	,	*[6]	_	_	
70-3	11163-11166	the	*[6]	_	_	
70-4	11167-11171	book	*[6]	_	_	
70-5	11172-11182	emphasises	*[6]	_	_	
70-6	11183-11186	the	*[6]	_	_	
70-7	11187-11194	dynamic	*[6]	_	_	
70-8	11195-11201	nature	*[6]	_	_	
70-9	11202-11204	of	*[6]	_	_	
70-10	11205-11216	informality	*[6]	_	_	
70-11	11216-11217	,	*[6]	_	_	
70-12	11218-11223	which	*[6]	_	_	
70-13	11224-11229	makes	*[6]	_	_	
70-14	11230-11232	it	*[6]	_	_	
70-15	11233-11238	diffi	*[6]	_	_	
70-16	11239-11243	cult	*[6]	_	_	
70-17	11244-11246	to	*[6]	_	_	
70-18	11247-11251	make	*[6]	_	_	
70-19	11252-11262	judgements	*[6]	_	_	
70-20	11263-11272	regarding	*[6]	_	_	
70-21	11273-11277	this	*[6]	_	_	
70-22	11278-11288	phenomenon	*[6]	_	_	
70-23	11288-11289	,	*[6]	_	_	
70-24	11290-11300	especially	*[6]	_	_	
70-25	11301-11305	from	*[6]	_	_	
70-26	11306-11309	the	*[6]	_	_	
70-27	11310-11320	outsider’s	*[6]	_	_	
70-28	11321-11332	perspective	*[6]	_	_	
70-29	11332-11333	.	*[6]	_	_	

#Text=Thus, throughout its chapters, the volume shows that informal practices are instrumental in many societies, and their prevalence has contextual rational reasons.
71-1	11333-11337	Thus	*[6]	_	_	
71-2	11337-11338	,	*[6]	_	_	
71-3	11339-11349	throughout	*[6]	_	_	
71-4	11350-11353	its	*[6]	_	_	
71-5	11354-11362	chapters	*[6]	_	_	
71-6	11362-11363	,	*[6]	_	_	
71-7	11364-11367	the	*[6]	_	_	
71-8	11368-11374	volume	*[6]	_	_	
71-9	11375-11380	shows	*[6]	_	_	
71-10	11381-11385	that	*[6]	_	_	
71-11	11386-11394	informal	*[6]	_	_	
71-12	11395-11404	practices	*[6]	_	_	
71-13	11405-11408	are	*[6]	_	_	
71-14	11409-11421	instrumental	*[6]	_	_	
71-15	11422-11424	in	*[6]	_	_	
71-16	11425-11429	many	*[6]	_	_	
71-17	11430-11439	societies	*[6]	_	_	
71-18	11439-11440	,	*[6]	_	_	
71-19	11441-11444	and	*[6]	_	_	
71-20	11445-11450	their	*[6]	_	_	
71-21	11451-11461	prevalence	*[6]	_	_	
71-22	11462-11465	has	*[6]	_	_	
71-23	11466-11476	contextual	*[6]	_	_	
71-24	11477-11485	rational	*[6]	_	_	
71-25	11486-11493	reasons	*[6]	_	_	
71-26	11493-11494	.	*[6]	_	_	

#Text=Therefore, the one size fi ts all solutions proposed by outside actors are unlikely to work.
72-1	11494-11503	Therefore	*[6]	_	_	
72-2	11503-11504	,	*[6]	_	_	
72-3	11505-11508	the	*[6]	_	_	
72-4	11509-11512	one	*[6]	_	_	
72-5	11513-11517	size	*[6]	_	_	
72-6	11518-11520	fi	*[6]	_	_	
72-7	11521-11523	ts	*[6]	_	_	
72-8	11524-11527	all	*[6]	_	_	
72-9	11528-11537	solutions	*[6]	_	_	
72-10	11538-11546	proposed	*[6]	_	_	
72-11	11547-11549	by	*[6]	_	_	
72-12	11550-11557	outside	*[6]	_	_	
72-13	11558-11564	actors	*[6]	_	_	
72-14	11565-11568	are	*[6]	_	_	
72-15	11569-11577	unlikely	*[6]	_	_	
72-16	11578-11580	to	*[6]	_	_	
72-17	11581-11585	work	*[6]	_	_	
72-18	11585-11586	.	*[6]	_	_	

#Text=References
73-1	11586-11596	References	*	_	_	

#Text=R ū ta Skriptait ė has a Master’s in Politics, Security and Integration student at School of Slavonic & East European studies, University College of London.
74-1	11596-11597	R	*[7]	_	_	
74-2	11598-11599	ū	*[7]	_	_	
74-3	11600-11602	ta	*[7]	_	_	
74-4	11603-11612	Skriptait	*[7]	_	_	
74-5	11613-11614	ė	*[7]	_	_	
74-6	11615-11618	has	*[7]	_	_	
74-7	11619-11620	a	*[7]	_	_	
74-8	11621-11629	Master’s	*[7]	_	_	
74-9	11630-11632	in	*[7]	_	_	
74-10	11633-11641	Politics	*[7]	_	_	
74-11	11641-11642	,	*[7]	_	_	
74-12	11643-11651	Security	*[7]	_	_	
74-13	11652-11655	and	*[7]	_	_	
74-14	11656-11667	Integration	*[7]	_	_	
74-15	11668-11675	student	*[7]	_	_	
74-16	11676-11678	at	*[7]	_	_	
74-17	11679-11685	School	*[7]	_	_	
74-18	11686-11688	of	*[7]	_	_	
74-19	11689-11697	Slavonic	*[7]	_	_	
74-20	11698-11699	&	*[7]	_	_	
74-21	11700-11704	East	*[7]	_	_	
74-22	11705-11713	European	*[7]	_	_	
74-23	11714-11721	studies	*[7]	_	_	
74-24	11721-11722	,	*[7]	_	_	
74-25	11723-11733	University	*[7]	_	_	
74-26	11734-11741	College	*[7]	_	_	
74-27	11742-11744	of	*[7]	_	_	
74-28	11745-11751	London	*[7]	_	_	
74-29	11751-11752	.	*[7]	_	_	

#Text=She received her BA in International Relations from the University of Essex in 2009.
75-1	11752-11755	She	*[7]	_	_	
75-2	11756-11764	received	*[7]	_	_	
75-3	11765-11768	her	*[7]	_	_	
75-4	11769-11771	BA	*[7]	_	_	
75-5	11772-11774	in	*[7]	_	_	
75-6	11775-11788	International	*[7]	_	_	
75-7	11789-11798	Relations	*[7]	_	_	
75-8	11799-11803	from	*[7]	_	_	
75-9	11804-11807	the	*[7]	_	_	
75-10	11808-11818	University	*[7]	_	_	
75-11	11819-11821	of	*[7]	_	_	
75-12	11822-11827	Essex	*[7]	_	_	
75-13	11828-11830	in	*[7]	_	_	
75-14	11831-11835	2009	*[7]	_	_	
75-15	11835-11836	.	*[7]	_	_	

#Text=Her research interests include informal political practices in Eastern Europe, political image-making, gender and feminism in post-socialist countries and post- development theory.
76-1	11836-11839	Her	*[7]	_	_	
76-2	11840-11848	research	*[7]	_	_	
76-3	11849-11858	interests	*[7]	_	_	
76-4	11859-11866	include	*[7]	_	_	
76-5	11867-11875	informal	*[7]	_	_	
76-6	11876-11885	political	*[7]	_	_	
76-7	11886-11895	practices	*[7]	_	_	
76-8	11896-11898	in	*[7]	_	_	
76-9	11899-11906	Eastern	*[7]	_	_	
76-10	11907-11913	Europe	*[7]	_	_	
76-11	11913-11914	,	*[7]	_	_	
76-12	11915-11924	political	*[7]	_	_	
76-13	11925-11937	image-making	*[7]	_	_	
76-14	11937-11938	,	*[7]	_	_	
76-15	11939-11945	gender	*[7]	_	_	
76-16	11946-11949	and	*[7]	_	_	
76-17	11950-11958	feminism	*[7]	_	_	
76-18	11959-11961	in	*[7]	_	_	
76-19	11962-11976	post-socialist	*[7]	_	_	
76-20	11977-11986	countries	*[7]	_	_	
76-21	11987-11990	and	*[7]	_	_	
76-22	11991-11996	post-	*[7]	_	_	
76-23	11997-12008	development	*[7]	_	_	
76-24	12009-12015	theory	*[7]	_	_	
76-25	12015-12016	.	*[7]	_	_	
