#FORMAT=WebAnno TSV 3.2
#T_SP=de.tudarmstadt.ukp.dkpro.core.api.segmentation.type.Paragraph|
#T_SP=webanno.custom.Reference|refId|refType


#Text=Vulesica, Marija
1-1	0-8	Vulesica	*[1]	_	_	
1-2	8-9	,	*[1]	_	_	
1-3	10-16	Marija	*[1]	_	_	

#Text=Veröffentlichungsversion / Published Version Nekrolog / nekrology
2-1	16-40	Veröffentlichungsversion	*[2]	_	_	
2-2	41-42	/	*[2]	_	_	
2-3	43-52	Published	*[2]	_	_	
2-4	53-60	Version	*[2]	_	_	
2-5	61-69	Nekrolog	*[2]	_	_	
2-6	70-71	/	*[2]	_	_	
2-7	72-81	nekrology	*[2]	_	_	

#Text=Empfohlene Zitierung / Suggested Citation: Vulesica, Marija: "Meine Erinnerungen sind so schrecklich."
3-1	81-91	Empfohlene	*[3]	_	_	
3-2	92-101	Zitierung	*[3]	_	_	
3-3	102-103	/	*[3]	_	_	
3-4	104-113	Suggested	*[3]	_	_	
3-5	114-122	Citation	*[3]	_	_	
3-6	122-123	:	*[3]	_	_	
3-7	124-132	Vulesica	*[3]	_	_	
3-8	132-133	,	*[3]	_	_	
3-9	134-140	Marija	*[3]	_	_	
3-10	140-141	:	*[3]	_	_	
3-11	142-148	"Meine	*[3]	_	_	
3-12	149-161	Erinnerungen	*[3]	_	_	
3-13	162-166	sind	*[3]	_	_	
3-14	167-169	so	*[3]	_	_	
3-15	170-181	schrecklich	*[3]	_	_	
3-16	181-182	.	*[3]	_	_	
3-17	182-183	"	*[3]	_	_	

#Text=Zum Tode der kroatischen Historikerin und schweigsamen Zeitzeugin Prof. Dr. Mirjana Gross.
4-1	183-186	Zum	*[3]	_	_	
4-2	187-191	Tode	*[3]	_	_	
4-3	192-195	der	*[3]	_	_	
4-4	196-207	kroatischen	*[3]	_	_	
4-5	208-220	Historikerin	*[3]	_	_	
4-6	221-224	und	*[3]	_	_	
4-7	225-237	schweigsamen	*[3]	_	_	
4-8	238-248	Zeitzeugin	*[3]	_	_	
4-9	249-253	Prof	*[3]	_	_	
4-10	253-254	.	*[3]	_	_	
4-11	255-257	Dr	*[3]	_	_	
4-12	257-258	.	*[3]	_	_	
4-13	259-266	Mirjana	*[3]	_	_	
4-14	267-272	Gross	*[3]	_	_	
4-15	272-273	.	*[3]	_	_	

#Text=In: Südosteuropäische Hefte 1 (2012), 2, 24–28 pages.
5-1	273-275	In	*[3]	_	_	
5-2	275-276	:	*[3]	_	_	
5-3	277-294	Südosteuropäische	*[3]	_	_	
5-4	295-300	Hefte	*[3]	_	_	
5-5	301-302	1	*[3]	_	_	
5-6	303-304	(	*[3]	_	_	
5-7	304-308	2012	*[3]	_	_	
5-8	308-309	)	*[3]	_	_	
5-9	309-310	,	*[3]	_	_	
5-10	311-312	2	*[3]	_	_	
5-11	312-313	,	*[3]	_	_	
5-12	314-319	24–28	*[3]	_	_	
5-13	320-325	pages	*[3]	_	_	
5-14	325-326	.	*[3]	_	_	

#Text=URN: http://nbn- resolving.de/urn:nbn:de:0168-ssoar-323639
6-1	326-329	URN	*[3]	_	_	
6-2	329-330	:	*[3]	_	_	
6-3	331-342	http://nbn-	*[3]	_	_	
6-4	343-352	resolving	*[3]	_	_	
6-5	352-359	.de/urn	*[3]	_	_	
6-6	359-363	:nbn	*[3]	_	_	
6-7	363-366	:de	*[3]	_	_	
6-8	366-384	:0168-ssoar-323639	*[3]	_	_	

#Text=Nutzungsbedingungen: Terms of use: Dieser Text wird unter einer CC BY-NC-SA Lizenz This document is made available under a CC BY-NC-SA (Namensnennung-Nicht-kommerziell-Weitergebe unter gleichen Licence (Attribution-Attribution-NonCommercial-ShareAlike).
7-1	384-403	Nutzungsbedingungen	*[4]	_	_	
7-2	403-404	:	*[4]	_	_	
7-3	405-410	Terms	*[4]	_	_	
7-4	411-413	of	*[4]	_	_	
7-5	414-417	use	*[4]	_	_	
7-6	417-418	:	*[4]	_	_	
7-7	419-425	Dieser	*[4]	_	_	
7-8	426-430	Text	*[4]	_	_	
7-9	431-435	wird	*[4]	_	_	
7-10	436-441	unter	*[4]	_	_	
7-11	442-447	einer	*[4]	_	_	
7-12	448-450	CC	*[4]	_	_	
7-13	451-459	BY-NC-SA	*[4]	_	_	
7-14	460-466	Lizenz	*[4]	_	_	
7-15	467-471	This	*[4]	_	_	
7-16	472-480	document	*[4]	_	_	
7-17	481-483	is	*[4]	_	_	
7-18	484-488	made	*[4]	_	_	
7-19	489-498	available	*[4]	_	_	
7-20	499-504	under	*[4]	_	_	
7-21	505-506	a	*[4]	_	_	
7-22	507-509	CC	*[4]	_	_	
7-23	510-518	BY-NC-SA	*[4]	_	_	
7-24	519-520	(	*[4]	_	_	
7-25	520-562	Namensnennung-Nicht-kommerziell-Weitergebe	*[4]	_	_	
7-26	563-568	unter	*[4]	_	_	
7-27	569-577	gleichen	*[4]	_	_	
7-28	578-585	Licence	*[4]	_	_	
7-29	586-587	(	*[4]	_	_	
7-30	587-635	Attribution-Attribution-NonCommercial-ShareAlike	*[4]	_	_	
7-31	635-636	)	*[4]	_	_	
7-32	636-637	.	*[4]	_	_	

#Text=For Bedingungen) zur Verfügung gestellt.
8-1	637-640	For	*[4]	_	_	
8-2	641-652	Bedingungen	*[4]	_	_	
8-3	652-653	)	*[4]	_	_	
8-4	654-657	zur	*[4]	_	_	
8-5	658-667	Verfügung	*[4]	_	_	
8-6	668-676	gestellt	*[4]	_	_	
8-7	676-677	.	*[4]	_	_	

#Text=Nähere Auskünfte zu den more Information see: CC-Lizenzen finden Sie hier: http://creativecommons.org/licenses/ http://creativecommons.org/licenses/
9-1	677-683	Nähere	*[4]	_	_	
9-2	684-693	Auskünfte	*[4]	_	_	
9-3	694-696	zu	*[4]	_	_	
9-4	697-700	den	*[4]	_	_	
9-5	701-705	more	*[4]	_	_	
9-6	706-717	Information	*[4]	_	_	
9-7	718-721	see	*[4]	_	_	
9-8	721-722	:	*[4]	_	_	
9-9	723-734	CC-Lizenzen	*[4]	_	_	
9-10	735-741	finden	*[4]	_	_	
9-11	742-745	Sie	*[4]	_	_	
9-12	746-750	hier	*[4]	_	_	
9-13	750-751	:	*[4]	_	_	
9-14	752-774	http://creativecommons	*[4]	_	_	
9-15	774-788	.org/licenses/	*[4]	_	_	
9-16	789-811	http://creativecommons	*[4]	_	_	
9-17	811-825	.org/licenses/	*[4]	_	_	

#Text=Marija Vulesica „Meine Erinnerungen sind so schrecklich.“ Zum Tode der kroatischen Historiker i n und schweigsamen Zeitzeugin Prof. Dr. Mirjana Gross
10-1	825-831	Marija	*[5]	_	_	
10-2	832-840	Vulesica	*[5]	_	_	
10-3	841-847	„Meine	*[5]	_	_	
10-4	848-860	Erinnerungen	*[5]	_	_	
10-5	861-865	sind	*[5]	_	_	
10-6	866-868	so	*[5]	_	_	
10-7	869-880	schrecklich	*[5]	_	_	
10-8	880-881	.	*[5]	_	_	
10-9	881-882	“	*[5]	_	_	
10-10	883-886	Zum	*[5]	_	_	
10-11	887-891	Tode	*[5]	_	_	
10-12	892-895	der	*[5]	_	_	
10-13	896-907	kroatischen	*[5]	_	_	
10-14	908-918	Historiker	*[5]	_	_	
10-15	919-920	i	*[5]	_	_	
10-16	921-922	n	*[5]	_	_	
10-17	923-926	und	*[5]	_	_	
10-18	927-939	schweigsamen	*[5]	_	_	
10-19	940-950	Zeitzeugin	*[5]	_	_	
10-20	951-955	Prof	*[5]	_	_	
10-21	955-956	.	*[5]	_	_	
10-22	957-959	Dr	*[5]	_	_	
10-23	959-960	.	*[5]	_	_	
10-24	961-968	Mirjana	*[5]	_	_	
10-25	969-974	Gross	*[5]	_	_	

#Text=Am 23. Juli 2012 starb in Zagreb die bekannte und verdienstvolle kroatische Historikerin Mirjana Gross im Alter von 90 Jahren.
11-1	974-976	Am	*[6]	_	_	
11-2	977-980	23.	*[6]	_	_	
11-3	981-985	Juli	*[6]	_	_	
11-4	986-990	2012	*[6]	_	_	
11-5	991-996	starb	*[6]	_	_	
11-6	997-999	in	*[6]	_	_	
11-7	1000-1006	Zagreb	*[6]	_	_	
11-8	1007-1010	die	*[6]	_	_	
11-9	1011-1019	bekannte	*[6]	_	_	
11-10	1020-1023	und	*[6]	_	_	
11-11	1024-1038	verdienstvolle	*[6]	_	_	
11-12	1039-1049	kroatische	*[6]	_	_	
11-13	1050-1062	Historikerin	*[6]	_	_	
11-14	1063-1070	Mirjana	*[6]	_	_	
11-15	1071-1076	Gross	*[6]	_	_	
11-16	1077-1079	im	*[6]	_	_	
11-17	1080-1085	Alter	*[6]	_	_	
11-18	1086-1089	von	*[6]	_	_	
11-19	1090-1092	90	*[6]	_	_	
11-20	1093-1099	Jahren	*[6]	_	_	
11-21	1099-1100	.	*[6]	_	_	

#Text=In den Tagen und Wochen nach ihrem Tod erschienen in kroatischen Zeitungen und Zeitschriften mehrere Nachrufe, in denen sie als die „erste Dame der kroatischen Historiographie“, als „größte kroatische Historikerin“, als „Lehrerin der Generationen“ und als Frau, die ihr Leben der Geschichtswissenschaft gewidmet habe, bezeichnet wurde.
12-1	1100-1102	In	*[6]	_	_	
12-2	1103-1106	den	*[6]	_	_	
12-3	1107-1112	Tagen	*[6]	_	_	
12-4	1113-1116	und	*[6]	_	_	
12-5	1117-1123	Wochen	*[6]	_	_	
12-6	1124-1128	nach	*[6]	_	_	
12-7	1129-1134	ihrem	*[6]	_	_	
12-8	1135-1138	Tod	*[6]	_	_	
12-9	1139-1149	erschienen	*[6]	_	_	
12-10	1150-1152	in	*[6]	_	_	
12-11	1153-1164	kroatischen	*[6]	_	_	
12-12	1165-1174	Zeitungen	*[6]	_	_	
12-13	1175-1178	und	*[6]	_	_	
12-14	1179-1192	Zeitschriften	*[6]	_	_	
12-15	1193-1200	mehrere	*[6]	_	_	
12-16	1201-1209	Nachrufe	*[6]	_	_	
12-17	1209-1210	,	*[6]	_	_	
12-18	1211-1213	in	*[6]	_	_	
12-19	1214-1219	denen	*[6]	_	_	
12-20	1220-1223	sie	*[6]	_	_	
12-21	1224-1227	als	*[6]	_	_	
12-22	1228-1231	die	*[6]	_	_	
12-23	1232-1238	„erste	*[6]	_	_	
12-24	1239-1243	Dame	*[6]	_	_	
12-25	1244-1247	der	*[6]	_	_	
12-26	1248-1259	kroatischen	*[6]	_	_	
12-27	1260-1276	Historiographie“	*[6]	_	_	
12-28	1276-1277	,	*[6]	_	_	
12-29	1278-1281	als	*[6]	_	_	
12-30	1282-1289	„größte	*[6]	_	_	
12-31	1290-1300	kroatische	*[6]	_	_	
12-32	1301-1314	Historikerin“	*[6]	_	_	
12-33	1314-1315	,	*[6]	_	_	
12-34	1316-1319	als	*[6]	_	_	
12-35	1320-1329	„Lehrerin	*[6]	_	_	
12-36	1330-1333	der	*[6]	_	_	
12-37	1334-1346	Generationen	*[6]	_	_	
12-38	1346-1347	“	*[6]	_	_	
12-39	1348-1351	und	*[6]	_	_	
12-40	1352-1355	als	*[6]	_	_	
12-41	1356-1360	Frau	*[6]	_	_	
12-42	1360-1361	,	*[6]	_	_	
12-43	1362-1365	die	*[6]	_	_	
12-44	1366-1369	ihr	*[6]	_	_	
12-45	1370-1375	Leben	*[6]	_	_	
12-46	1376-1379	der	*[6]	_	_	
12-47	1380-1402	Geschichtswissenschaft	*[6]	_	_	
12-48	1403-1411	gewidmet	*[6]	_	_	
12-49	1412-1416	habe	*[6]	_	_	
12-50	1416-1417	,	*[6]	_	_	
12-51	1418-1428	bezeichnet	*[6]	_	_	
12-52	1429-1434	wurde	*[6]	_	_	
12-53	1434-1435	.	*[6]	_	_	

#Text=Unter ihren Schülerinnen und Schülern, die tatsächlich mehreren Generationen angehörten, und auch innerhalb eines Teils der Öffentlichkeit machten sich Betroffenheit und Trauer bemerkbar.
13-1	1435-1440	Unter	*[6]	_	_	
13-2	1441-1446	ihren	*[6]	_	_	
13-3	1447-1459	Schülerinnen	*[6]	_	_	
13-4	1460-1463	und	*[6]	_	_	
13-5	1464-1472	Schülern	*[6]	_	_	
13-6	1472-1473	,	*[6]	_	_	
13-7	1474-1477	die	*[6]	_	_	
13-8	1478-1489	tatsächlich	*[6]	_	_	
13-9	1490-1498	mehreren	*[6]	_	_	
13-10	1499-1511	Generationen	*[6]	_	_	
13-11	1512-1522	angehörten	*[6]	_	_	
13-12	1522-1523	,	*[6]	_	_	
13-13	1524-1527	und	*[6]	_	_	
13-14	1528-1532	auch	*[6]	_	_	
13-15	1533-1542	innerhalb	*[6]	_	_	
13-16	1543-1548	eines	*[6]	_	_	
13-17	1549-1554	Teils	*[6]	_	_	
13-18	1555-1558	der	*[6]	_	_	
13-19	1559-1573	Öffentlichkeit	*[6]	_	_	
13-20	1574-1581	machten	*[6]	_	_	
13-21	1582-1586	sich	*[6]	_	_	
13-22	1587-1600	Betroffenheit	*[6]	_	_	
13-23	1601-1604	und	*[6]	_	_	
13-24	1605-1611	Trauer	*[6]	_	_	
13-25	1612-1621	bemerkbar	*[6]	_	_	
13-26	1621-1622	.	*[6]	_	_	

#Text=Bei der Trauerfeier, die drei Tage später am Zagreber Friedhof Mirogoj stattfand, bemerkten allerdings einige der Trauergäste, dass sich diese Betroffenheit nicht in der Größe der Trauergemeinde manifestiert hatte.
14-1	1622-1625	Bei	*[6]	_	_	
14-2	1626-1629	der	*[6]	_	_	
14-3	1630-1641	Trauerfeier	*[6]	_	_	
14-4	1641-1642	,	*[6]	_	_	
14-5	1643-1646	die	*[6]	_	_	
14-6	1647-1651	drei	*[6]	_	_	
14-7	1652-1656	Tage	*[6]	_	_	
14-8	1657-1663	später	*[6]	_	_	
14-9	1664-1666	am	*[6]	_	_	
14-10	1667-1675	Zagreber	*[6]	_	_	
14-11	1676-1684	Friedhof	*[6]	_	_	
14-12	1685-1692	Mirogoj	*[6]	_	_	
14-13	1693-1702	stattfand	*[6]	_	_	
14-14	1702-1703	,	*[6]	_	_	
14-15	1704-1713	bemerkten	*[6]	_	_	
14-16	1714-1724	allerdings	*[6]	_	_	
14-17	1725-1731	einige	*[6]	_	_	
14-18	1732-1735	der	*[6]	_	_	
14-19	1736-1747	Trauergäste	*[6]	_	_	
14-20	1747-1748	,	*[6]	_	_	
14-21	1749-1753	dass	*[6]	_	_	
14-22	1754-1758	sich	*[6]	_	_	
14-23	1759-1764	diese	*[6]	_	_	
14-24	1765-1778	Betroffenheit	*[6]	_	_	
14-25	1779-1784	nicht	*[6]	_	_	
14-26	1785-1787	in	*[6]	_	_	
14-27	1788-1791	der	*[6]	_	_	
14-28	1792-1797	Größe	*[6]	_	_	
14-29	1798-1801	der	*[6]	_	_	
14-30	1802-1816	Trauergemeinde	*[6]	_	_	
14-31	1817-1829	manifestiert	*[6]	_	_	
14-32	1830-1835	hatte	*[6]	_	_	
14-33	1835-1836	.	*[6]	_	_	

#Text=Eine Frau und Wissenschaftlerin ihres Ranges hätten Hunderte von Menschen gekannt , g ekommen, um Abschied zu nehmen, waren allerdings nur sehr wenige.
15-1	1836-1840	Eine	*[6]	_	_	
15-2	1841-1845	Frau	*[6]	_	_	
15-3	1846-1849	und	*[6]	_	_	
15-4	1850-1867	Wissenschaftlerin	*[6]	_	_	
15-5	1868-1873	ihres	*[6]	_	_	
15-6	1874-1880	Ranges	*[6]	_	_	
15-7	1881-1887	hätten	*[6]	_	_	
15-8	1888-1896	Hunderte	*[6]	_	_	
15-9	1897-1900	von	*[6]	_	_	
15-10	1901-1909	Menschen	*[6]	_	_	
15-11	1910-1917	gekannt	*[6]	_	_	
15-12	1918-1919	,	*[6]	_	_	
15-13	1920-1921	g	*[6]	_	_	
15-14	1922-1929	ekommen	*[6]	_	_	
15-15	1929-1930	,	*[6]	_	_	
15-16	1931-1933	um	*[6]	_	_	
15-17	1934-1942	Abschied	*[6]	_	_	
15-18	1943-1945	zu	*[6]	_	_	
15-19	1946-1952	nehmen	*[6]	_	_	
15-20	1952-1953	,	*[6]	_	_	
15-21	1954-1959	waren	*[6]	_	_	
15-22	1960-1970	allerdings	*[6]	_	_	
15-23	1971-1974	nur	*[6]	_	_	
15-24	1975-1979	sehr	*[6]	_	_	
15-25	1980-1986	wenige	*[6]	_	_	
15-26	1986-1987	.	*[6]	_	_	

#Text=Es sei heiß gewesen an diesem Zagreber Julitag, die meisten Großstädter bereits in der Sommerfrische.
16-1	1987-1989	Es	*[6]	_	_	
16-2	1990-1993	sei	*[6]	_	_	
16-3	1994-1998	heiß	*[6]	_	_	
16-4	1999-2006	gewesen	*[6]	_	_	
16-5	2007-2009	an	*[6]	_	_	
16-6	2010-2016	diesem	*[6]	_	_	
16-7	2017-2025	Zagreber	*[6]	_	_	
16-8	2026-2033	Julitag	*[6]	_	_	
16-9	2033-2034	,	*[6]	_	_	
16-10	2035-2038	die	*[6]	_	_	
16-11	2039-2046	meisten	*[6]	_	_	
16-12	2047-2058	Großstädter	*[6]	_	_	
16-13	2059-2066	bereits	*[6]	_	_	
16-14	2067-2069	in	*[6]	_	_	
16-15	2070-2073	der	*[6]	_	_	
16-16	2074-2087	Sommerfrische	*[6]	_	_	
16-17	2087-2088	.	*[6]	_	_	

#Text=Vielen sei dies wichtiger als die Ehrerweisung gegenüber der großen Wissenschaftlerin, hieß es enttäuscht und verbittert seitens einiger Trauergäste.
17-1	2088-2094	Vielen	*[6]	_	_	
17-2	2095-2098	sei	*[6]	_	_	
17-3	2099-2103	dies	*[6]	_	_	
17-4	2104-2113	wichtiger	*[6]	_	_	
17-5	2114-2117	als	*[6]	_	_	
17-6	2118-2121	die	*[6]	_	_	
17-7	2122-2134	Ehrerweisung	*[6]	_	_	
17-8	2135-2144	gegenüber	*[6]	_	_	
17-9	2145-2148	der	*[6]	_	_	
17-10	2149-2155	großen	*[6]	_	_	
17-11	2156-2173	Wissenschaftlerin	*[6]	_	_	
17-12	2173-2174	,	*[6]	_	_	
17-13	2175-2179	hieß	*[6]	_	_	
17-14	2180-2182	es	*[6]	_	_	
17-15	2183-2193	enttäuscht	*[6]	_	_	
17-16	2194-2197	und	*[6]	_	_	
17-17	2198-2208	verbittert	*[6]	_	_	
17-18	2209-2216	seitens	*[6]	_	_	
17-19	2217-2224	einiger	*[6]	_	_	
17-20	2225-2236	Trauergäste	*[6]	_	_	
17-21	2236-2237	.	*[6]	_	_	

#Text=1 Nachrufe und Trauerbekunden einerseits, ein kurzes Erinnern andererseits entsprachen aber möglicherweise ziemlich genau dem Leben und Wirken von Mirjana Gross.
18-1	2237-2238	1	*[6]	_	_	
18-2	2239-2247	Nachrufe	*[6]	_	_	
18-3	2248-2251	und	*[6]	_	_	
18-4	2252-2266	Trauerbekunden	*[6]	_	_	
18-5	2267-2277	einerseits	*[6]	_	_	
18-6	2277-2278	,	*[6]	_	_	
18-7	2279-2282	ein	*[6]	_	_	
18-8	2283-2289	kurzes	*[6]	_	_	
18-9	2290-2298	Erinnern	*[6]	_	_	
18-10	2299-2311	andererseits	*[6]	_	_	
18-11	2312-2323	entsprachen	*[6]	_	_	
18-12	2324-2328	aber	*[6]	_	_	
18-13	2329-2343	möglicherweise	*[6]	_	_	
18-14	2344-2352	ziemlich	*[6]	_	_	
18-15	2353-2358	genau	*[6]	_	_	
18-16	2359-2362	dem	*[6]	_	_	
18-17	2363-2368	Leben	*[6]	_	_	
18-18	2369-2372	und	*[6]	_	_	
18-19	2373-2379	Wirken	*[6]	_	_	
18-20	2380-2383	von	*[6]	_	_	
18-21	2384-2391	Mirjana	*[6]	_	_	
18-22	2392-2397	Gross	*[6]	_	_	
18-23	2397-2398	.	*[6]	_	_	

#Text=So erstaunt es kaum, dass in den Nachrufen in erster Linie ihre historiografischen Arbeiten, Bücher und Artikel genannt und betont, ihr Wesen, ihre persönlichen Erfahrungen und politischen Einschätzungen aber kaum erörtert werden.
19-1	2398-2400	So	*[6]	_	_	
19-2	2401-2409	erstaunt	*[6]	_	_	
19-3	2410-2412	es	*[6]	_	_	
19-4	2413-2417	kaum	*[6]	_	_	
19-5	2417-2418	,	*[6]	_	_	
19-6	2419-2423	dass	*[6]	_	_	
19-7	2424-2426	in	*[6]	_	_	
19-8	2427-2430	den	*[6]	_	_	
19-9	2431-2440	Nachrufen	*[6]	_	_	
19-10	2441-2443	in	*[6]	_	_	
19-11	2444-2450	erster	*[6]	_	_	
19-12	2451-2456	Linie	*[6]	_	_	
19-13	2457-2461	ihre	*[6]	_	_	
19-14	2462-2480	historiografischen	*[6]	_	_	
19-15	2481-2489	Arbeiten	*[6]	_	_	
19-16	2489-2490	,	*[6]	_	_	
19-17	2491-2497	Bücher	*[6]	_	_	
19-18	2498-2501	und	*[6]	_	_	
19-19	2502-2509	Artikel	*[6]	_	_	
19-20	2510-2517	genannt	*[6]	_	_	
19-21	2518-2521	und	*[6]	_	_	
19-22	2522-2528	betont	*[6]	_	_	
19-23	2528-2529	,	*[6]	_	_	
19-24	2530-2533	ihr	*[6]	_	_	
19-25	2534-2539	Wesen	*[6]	_	_	
19-26	2539-2540	,	*[6]	_	_	
19-27	2541-2545	ihre	*[6]	_	_	
19-28	2546-2558	persönlichen	*[6]	_	_	
19-29	2559-2570	Erfahrungen	*[6]	_	_	
19-30	2571-2574	und	*[6]	_	_	
19-31	2575-2586	politischen	*[6]	_	_	
19-32	2587-2601	Einschätzungen	*[6]	_	_	
19-33	2602-2606	aber	*[6]	_	_	
19-34	2607-2611	kaum	*[6]	_	_	
19-35	2612-2620	erörtert	*[6]	_	_	
19-36	2621-2627	werden	*[6]	_	_	
19-37	2627-2628	.	*[6]	_	_	

#Text=Auch dies ist kein Zufall.
20-1	2628-2632	Auch	*[6]	_	_	
20-2	2633-2637	dies	*[6]	_	_	
20-3	2638-2641	ist	*[6]	_	_	
20-4	2642-2646	kein	*[6]	_	_	
20-5	2647-2653	Zufall	*[6]	_	_	
20-6	2653-2654	.	*[6]	_	_	

#Text=Mirjana Gross gab sich als Gelehrte auffällig unauffällig.
21-1	2654-2661	Mirjana	*[6]	_	_	
21-2	2662-2667	Gross	*[6]	_	_	
21-3	2668-2671	gab	*[6]	_	_	
21-4	2672-2676	sich	*[6]	_	_	
21-5	2677-2680	als	*[6]	_	_	
21-6	2681-2689	Gelehrte	*[6]	_	_	
21-7	2690-2699	auffällig	*[6]	_	_	
21-8	2700-2711	unauffällig	*[6]	_	_	
21-9	2711-2712	.	*[6]	_	_	

#Text=Gross wurde am 22. Mai 1922 in Zagreb geboren.
22-1	2712-2717	Gross	*[6]	_	_	
22-2	2718-2723	wurde	*[6]	_	_	
22-3	2724-2726	am	*[6]	_	_	
22-4	2727-2730	22.	*[6]	_	_	
22-5	2731-2734	Mai	*[6]	_	_	
22-6	2735-2739	1922	*[6]	_	_	
22-7	2740-2742	in	*[6]	_	_	
22-8	2743-2749	Zagreb	*[6]	_	_	
22-9	2750-2757	geboren	*[6]	_	_	
22-10	2757-2758	.	*[6]	_	_	

#Text=Über ihre Familie und ihre jüdische Herkunft ist wenig bekannt.
23-1	2758-2762	Über	*[6]	_	_	
23-2	2763-2767	ihre	*[6]	_	_	
23-3	2768-2775	Familie	*[6]	_	_	
23-4	2776-2779	und	*[6]	_	_	
23-5	2780-2784	ihre	*[6]	_	_	
23-6	2785-2793	jüdische	*[6]	_	_	
23-7	2794-2802	Herkunft	*[6]	_	_	
23-8	2803-2806	ist	*[6]	_	_	
23-9	2807-2812	wenig	*[6]	_	_	
23-10	2813-2820	bekannt	*[6]	_	_	
23-11	2820-2821	.	*[6]	_	_	

#Text=Ihr Vater Mavro (Mauro) Gross wurde 1883 in Bjelovar geboren und machte als Händler in Zagreb Karriere.
24-1	2821-2824	Ihr	*[6]	_	_	
24-2	2825-2830	Vater	*[6]	_	_	
24-3	2831-2836	Mavro	*[6]	_	_	
24-4	2837-2838	(	*[6]	_	_	
24-5	2838-2843	Mauro	*[6]	_	_	
24-6	2843-2844	)	*[6]	_	_	
24-7	2845-2850	Gross	*[6]	_	_	
24-8	2851-2856	wurde	*[6]	_	_	
24-9	2857-2861	1883	*[6]	_	_	
24-10	2862-2864	in	*[6]	_	_	
24-11	2865-2873	Bjelovar	*[6]	_	_	
24-12	2874-2881	geboren	*[6]	_	_	
24-13	2882-2885	und	*[6]	_	_	
24-14	2886-2892	machte	*[6]	_	_	
24-15	2893-2896	als	*[6]	_	_	
24-16	2897-2904	Händler	*[6]	_	_	
24-17	2905-2907	in	*[6]	_	_	
24-18	2908-2914	Zagreb	*[6]	_	_	
24-19	2915-2923	Karriere	*[6]	_	_	
24-20	2923-2924	.	*[6]	_	_	

#Text=Über ihre Mutter Ella weiß man noch weniger.
25-1	2924-2928	Über	*[6]	_	_	
25-2	2929-2933	ihre	*[6]	_	_	
25-3	2934-2940	Mutter	*[6]	_	_	
25-4	2941-2945	Ella	*[6]	_	_	
25-5	2946-2950	weiß	*[6]	_	_	
25-6	2951-2954	man	*[6]	_	_	
25-7	2955-2959	noch	*[6]	_	_	
25-8	2960-2967	weniger	*[6]	_	_	
25-9	2967-2968	.	*[6]	_	_	

#Text=In welchen Verhältnissen ihre Familie vor dem Krieg lebte und welcher politischen Orientierung die Eltern folgten, darüber gibt es nur Mutmaßungen.
26-1	2968-2970	In	*[6]	_	_	
26-2	2971-2978	welchen	*[6]	_	_	
26-3	2979-2992	Verhältnissen	*[6]	_	_	
26-4	2993-2997	ihre	*[6]	_	_	
26-5	2998-3005	Familie	*[6]	_	_	
26-6	3006-3009	vor	*[6]	_	_	
26-7	3010-3013	dem	*[6]	_	_	
26-8	3014-3019	Krieg	*[6]	_	_	
26-9	3020-3025	lebte	*[6]	_	_	
26-10	3026-3029	und	*[6]	_	_	
26-11	3030-3037	welcher	*[6]	_	_	
26-12	3038-3049	politischen	*[6]	_	_	
26-13	3050-3062	Orientierung	*[6]	_	_	
26-14	3063-3066	die	*[6]	_	_	
26-15	3067-3073	Eltern	*[6]	_	_	
26-16	3074-3081	folgten	*[6]	_	_	
26-17	3081-3082	,	*[6]	_	_	
26-18	3083-3090	darüber	*[6]	_	_	
26-19	3091-3095	gibt	*[6]	_	_	
26-20	3096-3098	es	*[6]	_	_	
26-21	3099-3102	nur	*[6]	_	_	
26-22	3103-3114	Mutmaßungen	*[6]	_	_	
26-23	3114-3115	.	*[6]	_	_	

#Text=1940, in dem Jahr, in dem die jugoslawische Regierung ihre antisemitischen Gesetze verabschiedet hatte, die unter anderem auch die Zugangsbeschränkung für jüdische Studenten zu den Hochschulen vorsahen, gelang es Mirjana dennoch, ein Medizinstudium aufzunehmen.
27-1	3115-3119	1940	*[6]	_	_	
27-2	3119-3120	,	*[6]	_	_	
27-3	3121-3123	in	*[6]	_	_	
27-4	3124-3127	dem	*[6]	_	_	
27-5	3128-3132	Jahr	*[6]	_	_	
27-6	3132-3133	,	*[6]	_	_	
27-7	3134-3136	in	*[6]	_	_	
27-8	3137-3140	dem	*[6]	_	_	
27-9	3141-3144	die	*[6]	_	_	
27-10	3145-3158	jugoslawische	*[6]	_	_	
27-11	3159-3168	Regierung	*[6]	_	_	
27-12	3169-3173	ihre	*[6]	_	_	
27-13	3174-3189	antisemitischen	*[6]	_	_	
27-14	3190-3197	Gesetze	*[6]	_	_	
27-15	3198-3211	verabschiedet	*[6]	_	_	
27-16	3212-3217	hatte	*[6]	_	_	
27-17	3217-3218	,	*[6]	_	_	
27-18	3219-3222	die	*[6]	_	_	
27-19	3223-3228	unter	*[6]	_	_	
27-20	3229-3236	anderem	*[6]	_	_	
27-21	3237-3241	auch	*[6]	_	_	
27-22	3242-3245	die	*[6]	_	_	
27-23	3246-3265	Zugangsbeschränkung	*[6]	_	_	
27-24	3266-3269	für	*[6]	_	_	
27-25	3270-3278	jüdische	*[6]	_	_	
27-26	3279-3288	Studenten	*[6]	_	_	
27-27	3289-3291	zu	*[6]	_	_	
27-28	3292-3295	den	*[6]	_	_	
27-29	3296-3307	Hochschulen	*[6]	_	_	
27-30	3308-3316	vorsahen	*[6]	_	_	
27-31	3316-3317	,	*[6]	_	_	
27-32	3318-3324	gelang	*[6]	_	_	
27-33	3325-3327	es	*[6]	_	_	
27-34	3328-3335	Mirjana	*[6]	_	_	
27-35	3336-3343	dennoch	*[6]	_	_	
27-36	3343-3344	,	*[6]	_	_	
27-37	3345-3348	ein	*[6]	_	_	
27-38	3349-3363	Medizinstudium	*[6]	_	_	
27-39	3364-3375	aufzunehmen	*[6]	_	_	
27-40	3375-3376	.	*[6]	_	_	

#Text=Nach der Zerschlagung Jugoslawiens und der Proklamation des faschistischen Unabhängigen Staates Kroatien im April 1941 begann dieser mit der völligen Entrechtung, Verfolgung und sehr bald auch mit der Vernichtung von Juden, Serben und politischen Oppositionellen.
28-1	3376-3380	Nach	*[6]	_	_	
28-2	3381-3384	der	*[6]	_	_	
28-3	3385-3397	Zerschlagung	*[6]	_	_	
28-4	3398-3410	Jugoslawiens	*[6]	_	_	
28-5	3411-3414	und	*[6]	_	_	
28-6	3415-3418	der	*[6]	_	_	
28-7	3419-3431	Proklamation	*[6]	_	_	
28-8	3432-3435	des	*[6]	_	_	
28-9	3436-3450	faschistischen	*[6]	_	_	
28-10	3451-3463	Unabhängigen	*[6]	_	_	
28-11	3464-3471	Staates	*[6]	_	_	
28-12	3472-3480	Kroatien	*[6]	_	_	
28-13	3481-3483	im	*[6]	_	_	
28-14	3484-3489	April	*[6]	_	_	
28-15	3490-3494	1941	*[6]	_	_	
28-16	3495-3501	begann	*[6]	_	_	
28-17	3502-3508	dieser	*[6]	_	_	
28-18	3509-3512	mit	*[6]	_	_	
28-19	3513-3516	der	*[6]	_	_	
28-20	3517-3525	völligen	*[6]	_	_	
28-21	3526-3537	Entrechtung	*[6]	_	_	
28-22	3537-3538	,	*[6]	_	_	
28-23	3539-3549	Verfolgung	*[6]	_	_	
28-24	3550-3553	und	*[6]	_	_	
28-25	3554-3558	sehr	*[6]	_	_	
28-26	3559-3563	bald	*[6]	_	_	
28-27	3564-3568	auch	*[6]	_	_	
28-28	3569-3572	mit	*[6]	_	_	
28-29	3573-3576	der	*[6]	_	_	
28-30	3577-3588	Vernichtung	*[6]	_	_	
28-31	3589-3592	von	*[6]	_	_	
28-32	3593-3598	Juden	*[6]	_	_	
28-33	3598-3599	,	*[6]	_	_	
28-34	3600-3606	Serben	*[6]	_	_	
28-35	3607-3610	und	*[6]	_	_	
28-36	3611-3622	politischen	*[6]	_	_	
28-37	3623-3638	Oppositionellen	*[6]	_	_	
28-38	3638-3639	.	*[6]	_	_	

#Text=Gross ́ Familie war es allem Anschein zunächst gelungen, sich weiterhin in Zagreb aufzuhalten, bis sie im Frühjahr 1943 Zuflucht in dem Dorf Drenje Brdovečko nordwestlich von Zagreb fanden.
29-1	3639-3644	Gross	*[6]	_	_	
29-2	3645-3646	́	*[6]	_	_	
29-3	3647-3654	Familie	*[6]	_	_	
29-4	3655-3658	war	*[6]	_	_	
29-5	3659-3661	es	*[6]	_	_	
29-6	3662-3667	allem	*[6]	_	_	
29-7	3668-3676	Anschein	*[6]	_	_	
29-8	3677-3685	zunächst	*[6]	_	_	
29-9	3686-3694	gelungen	*[6]	_	_	
29-10	3694-3695	,	*[6]	_	_	
29-11	3696-3700	sich	*[6]	_	_	
29-12	3701-3710	weiterhin	*[6]	_	_	
29-13	3711-3713	in	*[6]	_	_	
29-14	3714-3720	Zagreb	*[6]	_	_	
29-15	3721-3732	aufzuhalten	*[6]	_	_	
29-16	3732-3733	,	*[6]	_	_	
29-17	3734-3737	bis	*[6]	_	_	
29-18	3738-3741	sie	*[6]	_	_	
29-19	3742-3744	im	*[6]	_	_	
29-20	3745-3753	Frühjahr	*[6]	_	_	
29-21	3754-3758	1943	*[6]	_	_	
29-22	3759-3767	Zuflucht	*[6]	_	_	
29-23	3768-3770	in	*[6]	_	_	
29-24	3771-3774	dem	*[6]	_	_	
29-25	3775-3779	Dorf	*[6]	_	_	
29-26	3780-3786	Drenje	*[6]	_	_	
29-27	3787-3796	Brdovečko	*[6]	_	_	
29-28	3797-3809	nordwestlich	*[6]	_	_	
29-29	3810-3813	von	*[6]	_	_	
29-30	3814-3820	Zagreb	*[6]	_	_	
29-31	3821-3827	fanden	*[6]	_	_	
29-32	3827-3828	.	*[6]	_	_	

#Text=Die kroatische Bauernfamilie Topol versteckte Mirjana und ihre Eltern, drei weitere Juden und einige Mitglieder des SKOJ ( Savez komunističke omladine Jugoslavije / Bund der kommunistischen Jugend Jugoslawiens) auf ihrem Gut.
30-1	3828-3831	Die	*[6]	_	_	
30-2	3832-3842	kroatische	*[6]	_	_	
30-3	3843-3856	Bauernfamilie	*[6]	_	_	
30-4	3857-3862	Topol	*[6]	_	_	
30-5	3863-3873	versteckte	*[6]	_	_	
30-6	3874-3881	Mirjana	*[6]	_	_	
30-7	3882-3885	und	*[6]	_	_	
30-8	3886-3890	ihre	*[6]	_	_	
30-9	3891-3897	Eltern	*[6]	_	_	
30-10	3897-3898	,	*[6]	_	_	
30-11	3899-3903	drei	*[6]	_	_	
30-12	3904-3911	weitere	*[6]	_	_	
30-13	3912-3917	Juden	*[6]	_	_	
30-14	3918-3921	und	*[6]	_	_	
30-15	3922-3928	einige	*[6]	_	_	
30-16	3929-3939	Mitglieder	*[6]	_	_	
30-17	3940-3943	des	*[6]	_	_	
30-18	3944-3948	SKOJ	*[6]	_	_	
30-19	3949-3950	(	*[6]	_	_	
30-20	3951-3956	Savez	*[6]	_	_	
30-21	3957-3969	komunističke	*[6]	_	_	
30-22	3970-3978	omladine	*[6]	_	_	
30-23	3979-3990	Jugoslavije	*[6]	_	_	
30-24	3991-3992	/	*[6]	_	_	
30-25	3993-3997	Bund	*[6]	_	_	
30-26	3998-4001	der	*[6]	_	_	
30-27	4002-4017	kommunistischen	*[6]	_	_	
30-28	4018-4024	Jugend	*[6]	_	_	
30-29	4025-4037	Jugoslawiens	*[6]	_	_	
30-30	4037-4038	)	*[6]	_	_	
30-31	4039-4042	auf	*[6]	_	_	
30-32	4043-4048	ihrem	*[6]	_	_	
30-33	4049-4052	Gut	*[6]	_	_	
30-34	4052-4053	.	*[6]	_	_	

#Text=Offensichtlich hatte Mirjana als junge Frau und Studentin den Sohn der Familie, Stanko Topol, kennengelernt, der wiederum im Widerstand war und enge Kontakte zu den Partisanen hatte.
31-1	4053-4067	Offensichtlich	*[6]	_	_	
31-2	4068-4073	hatte	*[6]	_	_	
31-3	4074-4081	Mirjana	*[6]	_	_	
31-4	4082-4085	als	*[6]	_	_	
31-5	4086-4091	junge	*[6]	_	_	
31-6	4092-4096	Frau	*[6]	_	_	
31-7	4097-4100	und	*[6]	_	_	
31-8	4101-4110	Studentin	*[6]	_	_	
31-9	4111-4114	den	*[6]	_	_	
31-10	4115-4119	Sohn	*[6]	_	_	
31-11	4120-4123	der	*[6]	_	_	
31-12	4124-4131	Familie	*[6]	_	_	
31-13	4131-4132	,	*[6]	_	_	
31-14	4133-4139	Stanko	*[6]	_	_	
31-15	4140-4145	Topol	*[6]	_	_	
31-16	4145-4146	,	*[6]	_	_	
31-17	4147-4160	kennengelernt	*[6]	_	_	
31-18	4160-4161	,	*[6]	_	_	
31-19	4162-4165	der	*[6]	_	_	
31-20	4166-4174	wiederum	*[6]	_	_	
31-21	4175-4177	im	*[6]	_	_	
31-22	4178-4188	Widerstand	*[6]	_	_	
31-23	4189-4192	war	*[6]	_	_	
31-24	4193-4196	und	*[6]	_	_	
31-25	4197-4201	enge	*[6]	_	_	
31-26	4202-4210	Kontakte	*[6]	_	_	
31-27	4211-4213	zu	*[6]	_	_	
31-28	4214-4217	den	*[6]	_	_	
31-29	4218-4228	Partisanen	*[6]	_	_	
31-30	4229-4234	hatte	*[6]	_	_	
31-31	4234-4235	.	*[6]	_	_	

#Text=2 Sie und ihre Eltern blieben bis Oktober 1943 dort.
32-1	4235-4236	2	*[6]	_	_	
32-2	4237-4240	Sie	*[6]	_	_	
32-3	4241-4244	und	*[6]	_	_	
32-4	4245-4249	ihre	*[6]	_	_	
32-5	4250-4256	Eltern	*[6]	_	_	
32-6	4257-4264	blieben	*[6]	_	_	
32-7	4265-4268	bis	*[6]	_	_	
32-8	4269-4276	Oktober	*[6]	_	_	
32-9	4277-4281	1943	*[6]	_	_	
32-10	4282-4286	dort	*[6]	_	_	
32-11	4286-4287	.	*[6]	_	_	

#Text=Dann allerding wurden sie entdeckt und ins KZ Buchenwald deportiert.
33-1	4287-4291	Dann	*[6]	_	_	
33-2	4292-4301	allerding	*[6]	_	_	
33-3	4302-4308	wurden	*[6]	_	_	
33-4	4309-4312	sie	*[6]	_	_	
33-5	4313-4321	entdeckt	*[6]	_	_	
33-6	4322-4325	und	*[6]	_	_	
33-7	4326-4329	ins	*[6]	_	_	
33-8	4330-4332	KZ	*[6]	_	_	
33-9	4333-4343	Buchenwald	*[6]	_	_	
33-10	4344-4354	deportiert	*[6]	_	_	
33-11	4354-4355	.	*[6]	_	_	

#Text=Mirjanas Vater Mavro starb hier am 14. April 1944.
34-1	4355-4363	Mirjanas	*[6]	_	_	
34-2	4364-4369	Vater	*[6]	_	_	
34-3	4370-4375	Mavro	*[6]	_	_	
34-4	4376-4381	starb	*[6]	_	_	
34-5	4382-4386	hier	*[6]	_	_	
34-6	4387-4389	am	*[6]	_	_	
34-7	4390-4393	14.	*[6]	_	_	
34-8	4394-4399	April	*[6]	_	_	
34-9	4400-4405	1944.	*[6]	_	_	

#Text=3 Sie und ihre Mutter wurden einige Monate später ins KZ Ravensbrück überstellt.
35-1	4405-4406	3	*[6]	_	_	
35-2	4407-4410	Sie	*[6]	_	_	
35-3	4411-4414	und	*[6]	_	_	
35-4	4415-4419	ihre	*[6]	_	_	
35-5	4420-4426	Mutter	*[6]	_	_	
35-6	4427-4433	wurden	*[6]	_	_	
35-7	4434-4440	einige	*[6]	_	_	
35-8	4441-4447	Monate	*[6]	_	_	
35-9	4448-4454	später	*[6]	_	_	
35-10	4455-4458	ins	*[6]	_	_	
35-11	4459-4461	KZ	*[6]	_	_	
35-12	4462-4473	Ravensbrück	*[6]	_	_	
35-13	4474-4484	überstellt	*[6]	_	_	
35-14	4484-4485	.	*[6]	_	_	

#Text=Ob sie als Jüdinnen oder als politische Häftlinge dorthin gebracht wurden, ist unklar.
36-1	4485-4487	Ob	*[6]	_	_	
36-2	4488-4491	sie	*[6]	_	_	
36-3	4492-4495	als	*[6]	_	_	
36-4	4496-4504	Jüdinnen	*[6]	_	_	
36-5	4505-4509	oder	*[6]	_	_	
36-6	4510-4513	als	*[6]	_	_	
36-7	4514-4524	politische	*[6]	_	_	
36-8	4525-4534	Häftlinge	*[6]	_	_	
36-9	4535-4542	dorthin	*[6]	_	_	
36-10	4543-4551	gebracht	*[6]	_	_	
36-11	4552-4558	wurden	*[6]	_	_	
36-12	4558-4559	,	*[6]	_	_	
36-13	4560-4563	ist	*[6]	_	_	
36-14	4564-4570	unklar	*[6]	_	_	
36-15	4570-4571	.	*[6]	_	_	

#Text=Die meisten Transporte von Juden, die 1942 und 1943 die jugoslawischen Territorien verließen, gingen nach Auschwitz oder Treblinka.
37-1	4571-4574	Die	*[6]	_	_	
37-2	4575-4582	meisten	*[6]	_	_	
37-3	4583-4593	Transporte	*[6]	_	_	
37-4	4594-4597	von	*[6]	_	_	
37-5	4598-4603	Juden	*[6]	_	_	
37-6	4603-4604	,	*[6]	_	_	
37-7	4605-4608	die	*[6]	_	_	
37-8	4609-4613	1942	*[6]	_	_	
37-9	4614-4617	und	*[6]	_	_	
37-10	4618-4622	1943	*[6]	_	_	
37-11	4623-4626	die	*[6]	_	_	
37-12	4627-4641	jugoslawischen	*[6]	_	_	
37-13	4642-4653	Territorien	*[6]	_	_	
37-14	4654-4663	verließen	*[6]	_	_	
37-15	4663-4664	,	*[6]	_	_	
37-16	4665-4671	gingen	*[6]	_	_	
37-17	4672-4676	nach	*[6]	_	_	
37-18	4677-4686	Auschwitz	*[6]	_	_	
37-19	4687-4691	oder	*[6]	_	_	
37-20	4692-4701	Treblinka	*[6]	_	_	
37-21	4701-4702	.	*[6]	_	_	

#Text=Von den rund 2800 Frauen, die vor dem Krieg eine jugoslawische Staatsbürgerschaft besess en hatten und im Konzentrationslager Ravensbrück gefangen gehalten wurden, waren nur etwa 40 Jüdinnen.
38-1	4702-4705	Von	*[6]	_	_	
38-2	4706-4709	den	*[6]	_	_	
38-3	4710-4714	rund	*[6]	_	_	
38-4	4715-4719	2800	*[6]	_	_	
38-5	4720-4726	Frauen	*[6]	_	_	
38-6	4726-4727	,	*[6]	_	_	
38-7	4728-4731	die	*[6]	_	_	
38-8	4732-4735	vor	*[6]	_	_	
38-9	4736-4739	dem	*[6]	_	_	
38-10	4740-4745	Krieg	*[6]	_	_	
38-11	4746-4750	eine	*[6]	_	_	
38-12	4751-4764	jugoslawische	*[6]	_	_	
38-13	4765-4783	Staatsbürgerschaft	*[6]	_	_	
38-14	4784-4790	besess	*[6]	_	_	
38-15	4791-4793	en	*[6]	_	_	
38-16	4794-4800	hatten	*[6]	_	_	
38-17	4801-4804	und	*[6]	_	_	
38-18	4805-4807	im	*[6]	_	_	
38-19	4808-4827	Konzentrationslager	*[6]	_	_	
38-20	4828-4839	Ravensbrück	*[6]	_	_	
38-21	4840-4848	gefangen	*[6]	_	_	
38-22	4849-4857	gehalten	*[6]	_	_	
38-23	4858-4864	wurden	*[6]	_	_	
38-24	4864-4865	,	*[6]	_	_	
38-25	4866-4871	waren	*[6]	_	_	
38-26	4872-4875	nur	*[6]	_	_	
38-27	4876-4880	etwa	*[6]	_	_	
38-28	4881-4883	40	*[6]	_	_	
38-29	4884-4892	Jüdinnen	*[6]	_	_	
38-30	4892-4893	.	*[6]	_	_	

#Text=4 Möglicherweise galten die Gross ́ durch ihre Verbindung mit dem Widerstandskämpfer Topol selbst als Kommunisten, möglicherweise waren sie vor dem Krieg tatsächlich als Kommunisten oder zumindest als deren Sympathisanten aufgefallen.
39-1	4893-4894	4	*[6]	_	_	
39-2	4895-4909	Möglicherweise	*[6]	_	_	
39-3	4910-4916	galten	*[6]	_	_	
39-4	4917-4920	die	*[6]	_	_	
39-5	4921-4926	Gross	*[6]	_	_	
39-6	4927-4928	́	*[6]	_	_	
39-7	4929-4934	durch	*[6]	_	_	
39-8	4935-4939	ihre	*[6]	_	_	
39-9	4940-4950	Verbindung	*[6]	_	_	
39-10	4951-4954	mit	*[6]	_	_	
39-11	4955-4958	dem	*[6]	_	_	
39-12	4959-4977	Widerstandskämpfer	*[6]	_	_	
39-13	4978-4983	Topol	*[6]	_	_	
39-14	4984-4990	selbst	*[6]	_	_	
39-15	4991-4994	als	*[6]	_	_	
39-16	4995-5006	Kommunisten	*[6]	_	_	
39-17	5006-5007	,	*[6]	_	_	
39-18	5008-5022	möglicherweise	*[6]	_	_	
39-19	5023-5028	waren	*[6]	_	_	
39-20	5029-5032	sie	*[6]	_	_	
39-21	5033-5036	vor	*[6]	_	_	
39-22	5037-5040	dem	*[6]	_	_	
39-23	5041-5046	Krieg	*[6]	_	_	
39-24	5047-5058	tatsächlich	*[6]	_	_	
39-25	5059-5062	als	*[6]	_	_	
39-26	5063-5074	Kommunisten	*[6]	_	_	
39-27	5075-5079	oder	*[6]	_	_	
39-28	5080-5089	zumindest	*[6]	_	_	
39-29	5090-5093	als	*[6]	_	_	
39-30	5094-5099	deren	*[6]	_	_	
39-31	5100-5114	Sympathisanten	*[6]	_	_	
39-32	5115-5126	aufgefallen	*[6]	_	_	
39-33	5126-5127	.	*[6]	_	_	

#Text=Möglicherweise war aber deren Deportation nach Buchenwald und Ravensbrück nur den allmählich chaotischer werdenden Umständen im besetzten Europa und den stetig steigenden Transporten und Häftlingszahlen geschuldet.
40-1	5127-5141	Möglicherweise	*[6]	_	_	
40-2	5142-5145	war	*[6]	_	_	
40-3	5146-5150	aber	*[6]	_	_	
40-4	5151-5156	deren	*[6]	_	_	
40-5	5157-5168	Deportation	*[6]	_	_	
40-6	5169-5173	nach	*[6]	_	_	
40-7	5174-5184	Buchenwald	*[6]	_	_	
40-8	5185-5188	und	*[6]	_	_	
40-9	5189-5200	Ravensbrück	*[6]	_	_	
40-10	5201-5204	nur	*[6]	_	_	
40-11	5205-5208	den	*[6]	_	_	
40-12	5209-5219	allmählich	*[6]	_	_	
40-13	5220-5231	chaotischer	*[6]	_	_	
40-14	5232-5241	werdenden	*[6]	_	_	
40-15	5242-5251	Umständen	*[6]	_	_	
40-16	5252-5254	im	*[6]	_	_	
40-17	5255-5264	besetzten	*[6]	_	_	
40-18	5265-5271	Europa	*[6]	_	_	
40-19	5272-5275	und	*[6]	_	_	
40-20	5276-5279	den	*[6]	_	_	
40-21	5280-5286	stetig	*[6]	_	_	
40-22	5287-5297	steigenden	*[6]	_	_	
40-23	5298-5309	Transporten	*[6]	_	_	
40-24	5310-5313	und	*[6]	_	_	
40-25	5314-5329	Häftlingszahlen	*[6]	_	_	
40-26	5330-5340	geschuldet	*[6]	_	_	
40-27	5340-5341	.	*[6]	_	_	

#Text=Viele Mutmaßungen ranken sich um Gross ́ Erlebnisse während des Krieges und der Lagerhaft.
41-1	5341-5346	Viele	*[6]	_	_	
41-2	5347-5358	Mutmaßungen	*[6]	_	_	
41-3	5359-5365	ranken	*[6]	_	_	
41-4	5366-5370	sich	*[6]	_	_	
41-5	5371-5373	um	*[6]	_	_	
41-6	5374-5379	Gross	*[6]	_	_	
41-7	5380-5381	́	*[6]	_	_	
41-8	5382-5392	Erlebnisse	*[6]	_	_	
41-9	5393-5400	während	*[6]	_	_	
41-10	5401-5404	des	*[6]	_	_	
41-11	5405-5412	Krieges	*[6]	_	_	
41-12	5413-5416	und	*[6]	_	_	
41-13	5417-5420	der	*[6]	_	_	
41-14	5421-5430	Lagerhaft	*[6]	_	_	
41-15	5430-5431	.	*[6]	_	_	

#Text=Zu Lebzeiten hat sie diese nie aufgelöst.
42-1	5431-5433	Zu	*[6]	_	_	
42-2	5434-5443	Lebzeiten	*[6]	_	_	
42-3	5444-5447	hat	*[6]	_	_	
42-4	5448-5451	sie	*[6]	_	_	
42-5	5452-5457	diese	*[6]	_	_	
42-6	5458-5461	nie	*[6]	_	_	
42-7	5462-5471	aufgelöst	*[6]	_	_	
42-8	5471-5472	.	*[6]	_	_	

#Text=Sie sprach lediglich über ihre schwere Tuberkulose - Erkrankung, die sie sich im Lager zugezogen hatte.
43-1	5472-5475	Sie	*[6]	_	_	
43-2	5476-5482	sprach	*[6]	_	_	
43-3	5483-5492	lediglich	*[6]	_	_	
43-4	5493-5497	über	*[6]	_	_	
43-5	5498-5502	ihre	*[6]	_	_	
43-6	5503-5510	schwere	*[6]	_	_	
43-7	5511-5522	Tuberkulose	*[6]	_	_	
43-8	5523-5524	-	*[6]	_	_	
43-9	5525-5535	Erkrankung	*[6]	_	_	
43-10	5535-5536	,	*[6]	_	_	
43-11	5537-5540	die	*[6]	_	_	
43-12	5541-5544	sie	*[6]	_	_	
43-13	5545-5549	sich	*[6]	_	_	
43-14	5550-5552	im	*[6]	_	_	
43-15	5553-5558	Lager	*[6]	_	_	
43-16	5559-5568	zugezogen	*[6]	_	_	
43-17	5569-5574	hatte	*[6]	_	_	
43-18	5574-5575	.	*[6]	_	_	

#Text=Nach der Befreiung im April 1945 kehrten sie und ihre Mutter nach Zagreb zurück und Mirjana entschied sich, Geschichte zu studieren.
44-1	5575-5579	Nach	*[6]	_	_	
44-2	5580-5583	der	*[6]	_	_	
44-3	5584-5593	Befreiung	*[6]	_	_	
44-4	5594-5596	im	*[6]	_	_	
44-5	5597-5602	April	*[6]	_	_	
44-6	5603-5607	1945	*[6]	_	_	
44-7	5608-5615	kehrten	*[6]	_	_	
44-8	5616-5619	sie	*[6]	_	_	
44-9	5620-5623	und	*[6]	_	_	
44-10	5624-5628	ihre	*[6]	_	_	
44-11	5629-5635	Mutter	*[6]	_	_	
44-12	5636-5640	nach	*[6]	_	_	
44-13	5641-5647	Zagreb	*[6]	_	_	
44-14	5648-5654	zurück	*[6]	_	_	
44-15	5655-5658	und	*[6]	_	_	
44-16	5659-5666	Mirjana	*[6]	_	_	
44-17	5667-5676	entschied	*[6]	_	_	
44-18	5677-5681	sich	*[6]	_	_	
44-19	5681-5682	,	*[6]	_	_	
44-20	5683-5693	Geschichte	*[6]	_	_	
44-21	5694-5696	zu	*[6]	_	_	
44-22	5697-5706	studieren	*[6]	_	_	
44-23	5706-5707	.	*[6]	_	_	

#Text=„Ich war dann krank, aber trotzdem wollte ich leben und studierte Geschichte.
45-1	5707-5711	„Ich	*[6]	_	_	
45-2	5712-5715	war	*[6]	_	_	
45-3	5716-5720	dann	*[6]	_	_	
45-4	5721-5726	krank	*[6]	_	_	
45-5	5726-5727	,	*[6]	_	_	
45-6	5728-5732	aber	*[6]	_	_	
45-7	5733-5741	trotzdem	*[6]	_	_	
45-8	5742-5748	wollte	*[6]	_	_	
45-9	5749-5752	ich	*[6]	_	_	
45-10	5753-5758	leben	*[6]	_	_	
45-11	5759-5762	und	*[6]	_	_	
45-12	5763-5772	studierte	*[6]	_	_	
45-13	5773-5783	Geschichte	*[6]	_	_	
45-14	5783-5784	.	*[6]	_	_	

#Text=Die Prüfungen bestand ich während des langen Aufenthalts im Sanatorium.
46-1	5784-5787	Die	*[6]	_	_	
46-2	5788-5797	Prüfungen	*[6]	_	_	
46-3	5798-5805	bestand	*[6]	_	_	
46-4	5806-5809	ich	*[6]	_	_	
46-5	5810-5817	während	*[6]	_	_	
46-6	5818-5821	des	*[6]	_	_	
46-7	5822-5828	langen	*[6]	_	_	
46-8	5829-5840	Aufenthalts	*[6]	_	_	
46-9	5841-5843	im	*[6]	_	_	
46-10	5844-5854	Sanatorium	*[6]	_	_	
46-11	5854-5855	.	*[6]	_	_	

#Text=(...) Genau genommen, habe ich im Sanatorium fertig studiert.
47-1	5855-5856	(	*[6]	_	_	
47-2	5856-5859	...	*[6]	_	_	
47-3	5859-5860	)	*[6]	_	_	
47-4	5861-5866	Genau	*[6]	_	_	
47-5	5867-5875	genommen	*[6]	_	_	
47-6	5875-5876	,	*[6]	_	_	
47-7	5877-5881	habe	*[6]	_	_	
47-8	5882-5885	ich	*[6]	_	_	
47-9	5886-5888	im	*[6]	_	_	
47-10	5889-5899	Sanatorium	*[6]	_	_	
47-11	5900-5906	fertig	*[6]	_	_	
47-12	5907-5915	studiert	*[6]	_	_	
47-13	5915-5916	.	*[6]	_	_	

#Text=(...) Es war eine schwere Zeit, es lebte sich schwer.
48-1	5916-5917	(	*[6]	_	_	
48-2	5917-5920	...	*[6]	_	_	
48-3	5920-5921	)	*[6]	_	_	
48-4	5922-5924	Es	*[6]	_	_	
48-5	5925-5928	war	*[6]	_	_	
48-6	5929-5933	eine	*[6]	_	_	
48-7	5934-5941	schwere	*[6]	_	_	
48-8	5942-5946	Zeit	*[6]	_	_	
48-9	5946-5947	,	*[6]	_	_	
48-10	5948-5950	es	*[6]	_	_	
48-11	5951-5956	lebte	*[6]	_	_	
48-12	5957-5961	sich	*[6]	_	_	
48-13	5962-5968	schwer	*[6]	_	_	
48-14	5968-5969	.	*[6]	_	_	

#Text=Und die Erinnerungen waren schrecklich.“ 5 Zu den traumatischen Erfahrungen der letzten Jahre, den schrecklichen Erinnerungen und dem Verlust ihres Vaters kam ein weiterer Schicksalsschlag dazu: Der ehemalige Jugendfreund und Helfer Stanko Topol, mit dem Mirjana nach dem Krieg verlobt war, starb 1948 bei einem Unfall.
49-1	5969-5972	Und	*[6]	_	_	
49-2	5973-5976	die	*[6]	_	_	
49-3	5977-5989	Erinnerungen	*[6]	_	_	
49-4	5990-5995	waren	*[6]	_	_	
49-5	5996-6007	schrecklich	*[6]	_	_	
49-6	6007-6008	.	*[6]	_	_	
49-7	6008-6009	“	*[6]	_	_	
49-8	6010-6011	5	*[6]	_	_	
49-9	6012-6014	Zu	*[6]	_	_	
49-10	6015-6018	den	*[6]	_	_	
49-11	6019-6032	traumatischen	*[6]	_	_	
49-12	6033-6044	Erfahrungen	*[6]	_	_	
49-13	6045-6048	der	*[6]	_	_	
49-14	6049-6056	letzten	*[6]	_	_	
49-15	6057-6062	Jahre	*[6]	_	_	
49-16	6062-6063	,	*[6]	_	_	
49-17	6064-6067	den	*[6]	_	_	
49-18	6068-6081	schrecklichen	*[6]	_	_	
49-19	6082-6094	Erinnerungen	*[6]	_	_	
49-20	6095-6098	und	*[6]	_	_	
49-21	6099-6102	dem	*[6]	_	_	
49-22	6103-6110	Verlust	*[6]	_	_	
49-23	6111-6116	ihres	*[6]	_	_	
49-24	6117-6123	Vaters	*[6]	_	_	
49-25	6124-6127	kam	*[6]	_	_	
49-26	6128-6131	ein	*[6]	_	_	
49-27	6132-6140	weiterer	*[6]	_	_	
49-28	6141-6157	Schicksalsschlag	*[6]	_	_	
49-29	6158-6162	dazu	*[6]	_	_	
49-30	6162-6163	:	*[6]	_	_	
49-31	6164-6167	Der	*[6]	_	_	
49-32	6168-6177	ehemalige	*[6]	_	_	
49-33	6178-6190	Jugendfreund	*[6]	_	_	
49-34	6191-6194	und	*[6]	_	_	
49-35	6195-6201	Helfer	*[6]	_	_	
49-36	6202-6208	Stanko	*[6]	_	_	
49-37	6209-6214	Topol	*[6]	_	_	
49-38	6214-6215	,	*[6]	_	_	
49-39	6216-6219	mit	*[6]	_	_	
49-40	6220-6223	dem	*[6]	_	_	
49-41	6224-6231	Mirjana	*[6]	_	_	
49-42	6232-6236	nach	*[6]	_	_	
49-43	6237-6240	dem	*[6]	_	_	
49-44	6241-6246	Krieg	*[6]	_	_	
49-45	6247-6254	verlobt	*[6]	_	_	
49-46	6255-6258	war	*[6]	_	_	
49-47	6258-6259	,	*[6]	_	_	
49-48	6260-6265	starb	*[6]	_	_	
49-49	6266-6270	1948	*[6]	_	_	
49-50	6271-6274	bei	*[6]	_	_	
49-51	6275-6280	einem	*[6]	_	_	
49-52	6281-6287	Unfall	*[6]	_	_	
49-53	6287-6288	.	*[6]	_	_	

#Text=Mirjana Gross blieb zeit ihres Lebens unverheiratet und ohne eine nähere Verwandtschaft.
50-1	6288-6295	Mirjana	*[6]	_	_	
50-2	6296-6301	Gross	*[6]	_	_	
50-3	6302-6307	blieb	*[6]	_	_	
50-4	6308-6312	zeit	*[6]	_	_	
50-5	6313-6318	ihres	*[6]	_	_	
50-6	6319-6325	Lebens	*[6]	_	_	
50-7	6326-6339	unverheiratet	*[6]	_	_	
50-8	6340-6343	und	*[6]	_	_	
50-9	6344-6348	ohne	*[6]	_	_	
50-10	6349-6353	eine	*[6]	_	_	
50-11	6354-6360	nähere	*[6]	_	_	
50-12	6361-6375	Verwandtschaft	*[6]	_	_	
50-13	6375-6376	.	*[6]	_	_	

#Text=Ihr Arbeitseifer und Lernwille halfen ihr dennoch, ihre Krankheit zu überstehen, die Schicksalsschläge zu verdrängen und das Studium der Geschichtswissenschaften 1951 abzuschließen.
51-1	6376-6379	Ihr	*[6]	_	_	
51-2	6380-6392	Arbeitseifer	*[6]	_	_	
51-3	6393-6396	und	*[6]	_	_	
51-4	6397-6406	Lernwille	*[6]	_	_	
51-5	6407-6413	halfen	*[6]	_	_	
51-6	6414-6417	ihr	*[6]	_	_	
51-7	6418-6425	dennoch	*[6]	_	_	
51-8	6425-6426	,	*[6]	_	_	
51-9	6427-6431	ihre	*[6]	_	_	
51-10	6432-6441	Krankheit	*[6]	_	_	
51-11	6442-6444	zu	*[6]	_	_	
51-12	6445-6455	überstehen	*[6]	_	_	
51-13	6455-6456	,	*[6]	_	_	
51-14	6457-6460	die	*[6]	_	_	
51-15	6461-6478	Schicksalsschläge	*[6]	_	_	
51-16	6479-6481	zu	*[6]	_	_	
51-17	6482-6492	verdrängen	*[6]	_	_	
51-18	6493-6496	und	*[6]	_	_	
51-19	6497-6500	das	*[6]	_	_	
51-20	6501-6508	Studium	*[6]	_	_	
51-21	6509-6512	der	*[6]	_	_	
51-22	6513-6537	Geschichtswissenschaften	*[6]	_	_	
51-23	6538-6542	1951	*[6]	_	_	
51-24	6543-6556	abzuschließen	*[6]	_	_	
51-25	6556-6557	.	*[6]	_	_	

#Text=Sie arbeitete anschließend als Assistentin an der Philosophischen Fakultät Zagreb, 1958 wurde sie promoviert.
52-1	6557-6560	Sie	*[6]	_	_	
52-2	6561-6570	arbeitete	*[6]	_	_	
52-3	6571-6583	anschließend	*[6]	_	_	
52-4	6584-6587	als	*[6]	_	_	
52-5	6588-6599	Assistentin	*[6]	_	_	
52-6	6600-6602	an	*[6]	_	_	
52-7	6603-6606	der	*[6]	_	_	
52-8	6607-6622	Philosophischen	*[6]	_	_	
52-9	6623-6631	Fakultät	*[6]	_	_	
52-10	6632-6638	Zagreb	*[6]	_	_	
52-11	6638-6639	,	*[6]	_	_	
52-12	6640-6644	1958	*[6]	_	_	
52-13	6645-6650	wurde	*[6]	_	_	
52-14	6651-6654	sie	*[6]	_	_	
52-15	6655-6665	promoviert	*[6]	_	_	
52-16	6665-6666	.	*[6]	_	_	

#Text=Gross gehörte der ersten Frauengeneration an, die sich überhaupt hauptberuflich mit den Geschichtswissenschaften zu beschäftigen begann und die in Jugoslawien als Historikerinnen Karriere machten.
53-1	6666-6671	Gross	*[6]	_	_	
53-2	6672-6679	gehörte	*[6]	_	_	
53-3	6680-6683	der	*[6]	_	_	
53-4	6684-6690	ersten	*[6]	_	_	
53-5	6691-6707	Frauengeneration	*[6]	_	_	
53-6	6708-6710	an	*[6]	_	_	
53-7	6710-6711	,	*[6]	_	_	
53-8	6712-6715	die	*[6]	_	_	
53-9	6716-6720	sich	*[6]	_	_	
53-10	6721-6730	überhaupt	*[6]	_	_	
53-11	6731-6745	hauptberuflich	*[6]	_	_	
53-12	6746-6749	mit	*[6]	_	_	
53-13	6750-6753	den	*[6]	_	_	
53-14	6754-6778	Geschichtswissenschaften	*[6]	_	_	
53-15	6779-6781	zu	*[6]	_	_	
53-16	6782-6794	beschäftigen	*[6]	_	_	
53-17	6795-6801	begann	*[6]	_	_	
53-18	6802-6805	und	*[6]	_	_	
53-19	6806-6809	die	*[6]	_	_	
53-20	6810-6812	in	*[6]	_	_	
53-21	6813-6824	Jugoslawien	*[6]	_	_	
53-22	6825-6828	als	*[6]	_	_	
53-23	6829-6844	Historikerinnen	*[6]	_	_	
53-24	6845-6853	Karriere	*[6]	_	_	
53-25	6854-6861	machten	*[6]	_	_	
53-26	6861-6862	.	*[6]	_	_	

#Text=„Bis zu meiner Generation schrieben ausschließlich Männer über die Geschichte“, erklärte sie 1996 in einem Aufsatz und
54-1	6862-6866	„Bis	*[6]	_	_	
54-2	6867-6869	zu	*[6]	_	_	
54-3	6870-6876	meiner	*[6]	_	_	
54-4	6877-6887	Generation	*[6]	_	_	
54-5	6888-6897	schrieben	*[6]	_	_	
54-6	6898-6912	ausschließlich	*[6]	_	_	
54-7	6913-6919	Männer	*[6]	_	_	
54-8	6920-6924	über	*[6]	_	_	
54-9	6925-6928	die	*[6]	_	_	
54-10	6929-6940	Geschichte“	*[6]	_	_	
54-11	6940-6941	,	*[6]	_	_	
54-12	6942-6950	erklärte	*[6]	_	_	
54-13	6951-6954	sie	*[6]	_	_	
54-14	6955-6959	1996	*[6]	_	_	
54-15	6960-6962	in	*[6]	_	_	
54-16	6963-6968	einem	*[6]	_	_	
54-17	6969-6976	Aufsatz	*[6]	_	_	
54-18	6977-6980	und	*[6]	_	_	

#Text=2 Devčić, Karmela (2012): Grossovi.
55-1	6980-6981	2	*[7]	_	_	
55-2	6982-6988	Devčić	*[7]	_	_	
55-3	6988-6989	,	*[7]	_	_	
55-4	6990-6997	Karmela	*[7]	R7[12]	bibr[12]	
55-5	6998-6999	(	*[7]	R7[12]	bibr[12]	
55-6	6999-7003	2012	*[7]	R7[12]	bibr[12]	
55-7	7003-7004	)	*[7]	R7[12]	bibr[12]	
55-8	7004-7005	:	*[7]	_	_	
55-9	7006-7014	Grossovi	*[7]	_	_	
55-10	7014-7015	.	*[7]	_	_	

#Text=Bježali su od ustaša, oca su ubili nacisti, a Mirjana je preživjela logor [Die Familie Gross: Sie flohen vor der Ustaša, die Nazis töteten den Vater, Mirjana überlebte das Lager].
56-1	7015-7022	Bježali	*[7]	_	_	
56-2	7023-7025	su	*[7]	_	_	
56-3	7026-7028	od	*[7]	_	_	
56-4	7029-7035	ustaša	*[7]	_	_	
56-5	7035-7036	,	*[7]	_	_	
56-6	7037-7040	oca	*[7]	_	_	
56-7	7041-7043	su	*[7]	_	_	
56-8	7044-7049	ubili	*[7]	_	_	
56-9	7050-7057	nacisti	*[7]	_	_	
56-10	7057-7058	,	*[7]	_	_	
56-11	7059-7060	a	*[7]	_	_	
56-12	7061-7068	Mirjana	*[7]	_	_	
56-13	7069-7071	je	*[7]	_	_	
56-14	7072-7082	preživjela	*[7]	_	_	
56-15	7083-7088	logor	*[7]	_	_	
56-16	7089-7090	[	*[7]	_	_	
56-17	7090-7093	Die	*[7]	_	_	
56-18	7094-7101	Familie	*[7]	_	_	
56-19	7102-7107	Gross	*[7]	_	_	
56-20	7107-7108	:	*[7]	_	_	
56-21	7109-7112	Sie	*[7]	_	_	
56-22	7113-7119	flohen	*[7]	_	_	
56-23	7120-7123	vor	*[7]	_	_	
56-24	7124-7127	der	*[7]	_	_	
56-25	7128-7134	Ustaša	*[7]	_	_	
56-26	7134-7135	,	*[7]	_	_	
56-27	7136-7139	die	*[7]	_	_	
56-28	7140-7145	Nazis	*[7]	_	_	
56-29	7146-7153	töteten	*[7]	_	_	
56-30	7154-7157	den	*[7]	_	_	
56-31	7158-7163	Vater	*[7]	_	_	
56-32	7163-7164	,	*[7]	_	_	
56-33	7165-7172	Mirjana	*[7]	_	_	
56-34	7173-7182	überlebte	*[7]	_	_	
56-35	7183-7186	das	*[7]	_	_	
56-36	7187-7192	Lager	*[7]	_	_	
56-37	7192-7193	]	*[7]	_	_	
56-38	7193-7194	.	*[7]	_	_	

#Text=In: Jutarnji list, 27.7.2012.
57-1	7194-7196	In	*[7]	_	_	
57-2	7196-7197	:	*[7]	_	_	
57-3	7198-7206	Jutarnji	*[7]	_	_	
57-4	7207-7211	list	*[7]	_	_	
57-5	7211-7212	,	*[7]	_	_	
57-6	7213-7223	27.7.2012.	*[7]	_	_	

#Text=3 Siehe: Totenbuch – Konzentrationslager Buchenwald.
58-1	7223-7224	3	*[7]	_	_	
58-2	7225-7230	Siehe	*[7]	_	_	
58-3	7230-7231	:	*[7]	_	_	
58-4	7232-7241	Totenbuch	*[7]	_	_	
58-5	7242-7243	–	*[7]	_	_	
58-6	7244-7263	Konzentrationslager	*[7]	_	_	
58-7	7264-7274	Buchenwald	*[7]	_	_	
58-8	7274-7275	.	*[7]	_	_	

#Text=Die Toten 1937 - 1945.
59-1	7275-7278	Die	*[7]	R5	bibr	
59-1.1	7275-7276	D	_	R5	bibr	
59-2	7279-7284	Toten	*[7]	_	_	
59-3	7285-7289	1937	*[7]	_	_	
59-4	7290-7291	-	*[7]	_	_	
59-5	7292-7296	1945	*[7]	_	_	
59-6	7296-7297	.	*[7]	_	_	

#Text=Mauro Gross.
60-1	7297-7302	Mauro	*[7]	_	_	
60-2	7303-7308	Gross	*[7]	_	_	
60-3	7308-7309	.	*[7]	_	_	

#Text=Online verfügbar unter: http://totenbuch.buchenwald.de/names/details/page/73/letter/g/person/16778/ref/names, zuletzt geprüft am 09.11.2012.
61-1	7309-7315	Online	*[7]	_	_	
61-2	7316-7325	verfügbar	*[7]	_	_	
61-3	7326-7331	unter	*[7]	_	_	
61-4	7331-7332	:	*[7]	_	_	
61-5	7333-7349	http://totenbuch	*[7]	_	_	
61-6	7349-7417	.buchenwald.de/names/details/page/73/letter/g/person/16778/ref/names	*[7]	_	_	
61-7	7417-7418	,	*[7]	_	_	
61-8	7419-7426	zuletzt	*[7]	_	_	
61-9	7427-7434	geprüft	*[7]	_	_	
61-10	7435-7437	am	*[7]	_	_	
61-11	7438-7449	09.11.2012.	*[7]	_	_	

#Text=4 Kavčic, Silvija (2007): Überleben und Erinnern.
62-1	7449-7450	4	*[7]	R4[13]	bibr[13]	
62-2	7451-7457	Kavčic	*[7]	R4[13]	bibr[13]	
62-3	7457-7458	,	*[7]	R4[13]	bibr[13]	
62-4	7459-7466	Silvija	*[7]	_	_	
62-4.1	7459-7460	S	_	R4[13]	bibr[13]	
62-5	7467-7468	(	*[7]	_	_	
62-6	7468-7472	2007	*[7]	_	_	
62-7	7472-7473	)	*[7]	_	_	
62-8	7473-7474	:	*[7]	_	_	
62-9	7475-7484	Überleben	*[7]	_	_	
62-10	7485-7488	und	*[7]	_	_	
62-11	7489-7497	Erinnern	*[7]	_	_	
62-12	7497-7498	.	*[7]	_	_	

#Text=Slowenische Häftlinge im Frauen - Konzentrationslager Ravensbrück, Berlin: Metropol - Verlag, S. 32.
63-1	7498-7509	Slowenische	*[7]	_	_	
63-2	7510-7519	Häftlinge	*[7]	_	_	
63-3	7520-7522	im	*[7]	_	_	
63-4	7523-7529	Frauen	*[7]	_	_	
63-5	7530-7531	-	*[7]	_	_	
63-6	7532-7551	Konzentrationslager	*[7]	_	_	
63-7	7552-7563	Ravensbrück	*[7]	_	_	
63-8	7563-7564	,	*[7]	_	_	
63-9	7565-7571	Berlin	*[7]	_	_	
63-10	7571-7572	:	*[7]	_	_	
63-11	7573-7581	Metropol	*[7]	_	_	
63-12	7582-7583	-	*[7]	_	_	
63-13	7584-7590	Verlag	*[7]	_	_	
63-14	7590-7591	,	*[7]	_	_	
63-15	7592-7594	S.	*[7]	_	_	
63-16	7595-7597	32	*[7]	_	_	
63-17	7597-7598	.	*[7]	_	_	

#Text=kritisierte die immer noch andauernde Fokussierung auf Männer als Akteure der Geschichte.
64-1	7598-7609	kritisierte	*[8]	_	_	
64-2	7610-7613	die	*[8]	_	_	
64-3	7614-7619	immer	*[8]	_	_	
64-4	7620-7624	noch	*[8]	_	_	
64-5	7625-7635	andauernde	*[8]	_	_	
64-6	7636-7648	Fokussierung	*[8]	_	_	
64-7	7649-7652	auf	*[8]	_	_	
64-8	7653-7659	Männer	*[8]	_	_	
64-9	7660-7663	als	*[8]	_	_	
64-10	7664-7671	Akteure	*[8]	_	_	
64-11	7672-7675	der	*[8]	_	_	
64-12	7676-7686	Geschichte	*[8]	_	_	
64-13	7686-7687	.	*[8]	_	_	

#Text=6 In den 1950er Jahren begann die erfolgreiche und äußerst produktive wissenschaftliche Tätigkeit von Mirjana Gross.
65-1	7687-7688	6	*[8]	_	_	
65-2	7689-7691	In	*[8]	_	_	
65-3	7692-7695	den	*[8]	_	_	
65-4	7696-7702	1950er	*[8]	_	_	
65-5	7703-7709	Jahren	*[8]	_	_	
65-6	7710-7716	begann	*[8]	_	_	
65-7	7717-7720	die	*[8]	_	_	
65-8	7721-7733	erfolgreiche	*[8]	_	_	
65-9	7734-7737	und	*[8]	_	_	
65-10	7738-7745	äußerst	*[8]	_	_	
65-11	7746-7756	produktive	*[8]	_	_	
65-12	7757-7774	wissenschaftliche	*[8]	_	_	
65-13	7775-7784	Tätigkeit	*[8]	_	_	
65-14	7785-7788	von	*[8]	_	_	
65-15	7789-7796	Mirjana	*[8]	_	_	
65-16	7797-7802	Gross	*[8]	_	_	
65-17	7802-7803	.	*[8]	_	_	

#Text=Ihre Forschungsschwerpunkte legte sie auf die kroatische Geschichte des 19. und beginnenden 20. Jahrhunderts.
66-1	7803-7807	Ihre	*[8]	_	_	
66-2	7808-7830	Forschungsschwerpunkte	*[8]	_	_	
66-3	7831-7836	legte	*[8]	_	_	
66-4	7837-7840	sie	*[8]	_	_	
66-5	7841-7844	auf	*[8]	_	_	
66-6	7845-7848	die	*[8]	_	_	
66-7	7849-7859	kroatische	*[8]	_	_	
66-8	7860-7870	Geschichte	*[8]	_	_	
66-9	7871-7874	des	*[8]	_	_	
66-10	7875-7878	19.	*[8]	_	_	
66-11	7879-7882	und	*[8]	_	_	
66-12	7883-7894	beginnenden	*[8]	_	_	
66-13	7895-7898	20.	*[8]	_	_	
66-14	7899-7911	Jahrhunderts	*[8]	_	_	
66-15	7911-7912	.	*[8]	_	_	

#Text=Auch heute noch ist jedwede historische Auseinandersetzung mit der politischen und ökonomischen Geschichte der kroatischen Kronländer, mit der dortigen Entwicklung der Sozialdemokratie, mit der Ideologie und Genese der Rechtspartei, mit der Ideologie des Jugoslawismus oder mit der kroatischen Gesellschafts - und Kulturgeschichte ohne ihre Arbeiten und Ergebnisse undenkbar.
67-1	7912-7916	Auch	*[8]	_	_	
67-2	7917-7922	heute	*[8]	_	_	
67-3	7923-7927	noch	*[8]	_	_	
67-4	7928-7931	ist	*[8]	_	_	
67-5	7932-7939	jedwede	*[8]	_	_	
67-6	7940-7951	historische	*[8]	_	_	
67-7	7952-7970	Auseinandersetzung	*[8]	_	_	
67-8	7971-7974	mit	*[8]	_	_	
67-9	7975-7978	der	*[8]	_	_	
67-10	7979-7990	politischen	*[8]	_	_	
67-11	7991-7994	und	*[8]	_	_	
67-12	7995-8007	ökonomischen	*[8]	_	_	
67-13	8008-8018	Geschichte	*[8]	_	_	
67-14	8019-8022	der	*[8]	_	_	
67-15	8023-8034	kroatischen	*[8]	_	_	
67-16	8035-8045	Kronländer	*[8]	_	_	
67-17	8045-8046	,	*[8]	_	_	
67-18	8047-8050	mit	*[8]	_	_	
67-19	8051-8054	der	*[8]	_	_	
67-20	8055-8063	dortigen	*[8]	_	_	
67-21	8064-8075	Entwicklung	*[8]	_	_	
67-22	8076-8079	der	*[8]	_	_	
67-23	8080-8096	Sozialdemokratie	*[8]	_	_	
67-24	8096-8097	,	*[8]	_	_	
67-25	8098-8101	mit	*[8]	_	_	
67-26	8102-8105	der	*[8]	_	_	
67-27	8106-8115	Ideologie	*[8]	_	_	
67-28	8116-8119	und	*[8]	_	_	
67-29	8120-8126	Genese	*[8]	_	_	
67-30	8127-8130	der	*[8]	_	_	
67-31	8131-8143	Rechtspartei	*[8]	_	_	
67-32	8143-8144	,	*[8]	_	_	
67-33	8145-8148	mit	*[8]	_	_	
67-34	8149-8152	der	*[8]	_	_	
67-35	8153-8162	Ideologie	*[8]	_	_	
67-36	8163-8166	des	*[8]	_	_	
67-37	8167-8180	Jugoslawismus	*[8]	_	_	
67-38	8181-8185	oder	*[8]	_	_	
67-39	8186-8189	mit	*[8]	_	_	
67-40	8190-8193	der	*[8]	_	_	
67-41	8194-8205	kroatischen	*[8]	_	_	
67-42	8206-8219	Gesellschafts	*[8]	_	_	
67-43	8220-8221	-	*[8]	_	_	
67-44	8222-8225	und	*[8]	_	_	
67-45	8226-8242	Kulturgeschichte	*[8]	_	_	
67-46	8243-8247	ohne	*[8]	_	_	
67-47	8248-8252	ihre	*[8]	_	_	
67-48	8253-8261	Arbeiten	*[8]	_	_	
67-49	8262-8265	und	*[8]	_	_	
67-50	8266-8276	Ergebnisse	*[8]	_	_	
67-51	8277-8286	undenkbar	*[8]	_	_	
67-52	8286-8287	.	*[8]	_	_	

#Text=Viele ihrer Forschungsergebnisse aus den 1950ern , 1960er n und den 1970er Jahren besitzen immer noch wissenschaftliche Gültigkeit.
68-1	8287-8292	Viele	*[8]	_	_	
68-2	8293-8298	ihrer	*[8]	_	_	
68-3	8299-8319	Forschungsergebnisse	*[8]	_	_	
68-4	8320-8323	aus	*[8]	_	_	
68-5	8324-8327	den	*[8]	_	_	
68-6	8328-8335	1950ern	*[8]	_	_	
68-7	8336-8337	,	*[8]	_	_	
68-8	8338-8344	1960er	*[8]	_	_	
68-9	8345-8346	n	*[8]	_	_	
68-10	8347-8350	und	*[8]	_	_	
68-11	8351-8354	den	*[8]	_	_	
68-12	8355-8361	1970er	*[8]	_	_	
68-13	8362-8368	Jahren	*[8]	_	_	
68-14	8369-8377	besitzen	*[8]	_	_	
68-15	8378-8383	immer	*[8]	_	_	
68-16	8384-8388	noch	*[8]	_	_	
68-17	8389-8406	wissenschaftliche	*[8]	_	_	
68-18	8407-8417	Gültigkeit	*[8]	_	_	
68-19	8417-8418	.	*[8]	_	_	

#Text=Das spricht einerseits für die Qualität ihrer Arbeiten, offenbart aber auch andererseits zahlreiche Defizite der kroatischen Historiografie.
69-1	8418-8421	Das	*[8]	_	_	
69-2	8422-8429	spricht	*[8]	_	_	
69-3	8430-8440	einerseits	*[8]	_	_	
69-4	8441-8444	für	*[8]	_	_	
69-5	8445-8448	die	*[8]	_	_	
69-6	8449-8457	Qualität	*[8]	_	_	
69-7	8458-8463	ihrer	*[8]	_	_	
69-8	8464-8472	Arbeiten	*[8]	_	_	
69-9	8472-8473	,	*[8]	_	_	
69-10	8474-8483	offenbart	*[8]	_	_	
69-11	8484-8488	aber	*[8]	_	_	
69-12	8489-8493	auch	*[8]	_	_	
69-13	8494-8506	andererseits	*[8]	_	_	
69-14	8507-8517	zahlreiche	*[8]	_	_	
69-15	8518-8526	Defizite	*[8]	_	_	
69-16	8527-8530	der	*[8]	_	_	
69-17	8531-8542	kroatischen	*[8]	_	_	
69-18	8543-8557	Historiografie	*[8]	_	_	
69-19	8557-8558	.	*[8]	_	_	

#Text=1982 ging Gross in den Ruhestand, um sich angeblich von der Partei zu distanzieren und um „in Ruhe arbeiten zu können.“ 7 Wie ihr Verhältnis zur Kommunistischen Partei Jugoslawiens tatsächlich ausgesehen hatte, ist weitgehend unbekannt.
70-1	8558-8562	1982	*[8]	_	_	
70-2	8563-8567	ging	*[8]	_	_	
70-3	8568-8573	Gross	*[8]	_	_	
70-4	8574-8576	in	*[8]	_	_	
70-5	8577-8580	den	*[8]	_	_	
70-6	8581-8590	Ruhestand	*[8]	_	_	
70-7	8590-8591	,	*[8]	_	_	
70-8	8592-8594	um	*[8]	_	_	
70-9	8595-8599	sich	*[8]	_	_	
70-10	8600-8609	angeblich	*[8]	_	_	
70-11	8610-8613	von	*[8]	_	_	
70-12	8614-8617	der	*[8]	_	_	
70-13	8618-8624	Partei	*[8]	_	_	
70-14	8625-8627	zu	*[8]	_	_	
70-15	8628-8640	distanzieren	*[8]	_	_	
70-16	8641-8644	und	*[8]	_	_	
70-17	8645-8647	um	*[8]	_	_	
70-18	8648-8651	„in	*[8]	_	_	
70-19	8652-8656	Ruhe	*[8]	_	_	
70-20	8657-8665	arbeiten	*[8]	_	_	
70-21	8666-8668	zu	*[8]	_	_	
70-22	8669-8675	können	*[8]	_	_	
70-23	8675-8676	.	*[8]	_	_	
70-24	8676-8677	“	*[8]	_	_	
70-25	8678-8679	7	*[8]	_	_	
70-26	8680-8683	Wie	*[8]	_	_	
70-27	8684-8687	ihr	*[8]	_	_	
70-28	8688-8698	Verhältnis	*[8]	_	_	
70-29	8699-8702	zur	*[8]	_	_	
70-30	8703-8718	Kommunistischen	*[8]	_	_	
70-31	8719-8725	Partei	*[8]	_	_	
70-32	8726-8738	Jugoslawiens	*[8]	_	_	
70-33	8739-8750	tatsächlich	*[8]	_	_	
70-34	8751-8761	ausgesehen	*[8]	_	_	
70-35	8762-8767	hatte	*[8]	_	_	
70-36	8767-8768	,	*[8]	_	_	
70-37	8769-8772	ist	*[8]	_	_	
70-38	8773-8783	weitgehend	*[8]	_	_	
70-39	8784-8793	unbekannt	*[8]	_	_	
70-40	8793-8794	.	*[8]	_	_	

#Text=Auch wenn der kroatische Historiker Artuković ihre „frühe Emanzipation“ und den Kampf gegen „den dogmatischen Marxismus innerhalb der Historiografie“ 8 betonte, sind öffentliche politische Äußerungen dieser Art von Mirjana Gross nicht überliefert.
71-1	8794-8798	Auch	*[8]	_	_	
71-2	8799-8803	wenn	*[8]	_	_	
71-3	8804-8807	der	*[8]	_	_	
71-4	8808-8818	kroatische	*[8]	_	_	
71-5	8819-8829	Historiker	*[8]	_	_	
71-6	8830-8839	Artuković	*[8]	_	_	
71-7	8840-8844	ihre	*[8]	_	_	
71-8	8845-8851	„frühe	*[8]	_	_	
71-9	8852-8865	Emanzipation“	*[8]	_	_	
71-10	8866-8869	und	*[8]	_	_	
71-11	8870-8873	den	*[8]	_	_	
71-12	8874-8879	Kampf	*[8]	_	_	
71-13	8880-8885	gegen	*[8]	_	_	
71-14	8886-8890	„den	*[8]	_	_	
71-15	8891-8903	dogmatischen	*[8]	_	_	
71-16	8904-8913	Marxismus	*[8]	_	_	
71-17	8914-8923	innerhalb	*[8]	_	_	
71-18	8924-8927	der	*[8]	_	_	
71-19	8928-8943	Historiografie“	*[8]	_	_	
71-20	8944-8945	8	*[8]	_	_	
71-21	8946-8953	betonte	*[8]	_	_	
71-22	8953-8954	,	*[8]	_	_	
71-23	8955-8959	sind	*[8]	_	_	
71-24	8960-8971	öffentliche	*[8]	_	_	
71-25	8972-8982	politische	*[8]	_	_	
71-26	8983-8993	Äußerungen	*[8]	_	_	
71-27	8994-9000	dieser	*[8]	_	_	
71-28	9001-9004	Art	*[8]	_	_	
71-29	9005-9008	von	*[8]	_	_	
71-30	9009-9016	Mirjana	*[8]	_	_	
71-31	9017-9022	Gross	*[8]	_	_	
71-32	9023-9028	nicht	*[8]	_	_	
71-33	9029-9040	überliefert	*[8]	_	_	
71-34	9040-9041	.	*[8]	_	_	

#Text=Ihre Zurückhaltung gegenüber den politischen Entwicklungen und Ereignissen in Jugoslawien vor und in Kroatien nach 1990 ist bekannt.
72-1	9041-9045	Ihre	*[8]	_	_	
72-2	9046-9059	Zurückhaltung	*[8]	_	_	
72-3	9060-9069	gegenüber	*[8]	_	_	
72-4	9070-9073	den	*[8]	_	_	
72-5	9074-9085	politischen	*[8]	_	_	
72-6	9086-9099	Entwicklungen	*[8]	_	_	
72-7	9100-9103	und	*[8]	_	_	
72-8	9104-9115	Ereignissen	*[8]	_	_	
72-9	9116-9118	in	*[8]	_	_	
72-10	9119-9130	Jugoslawien	*[8]	_	_	
72-11	9131-9134	vor	*[8]	_	_	
72-12	9135-9138	und	*[8]	_	_	
72-13	9139-9141	in	*[8]	_	_	
72-14	9142-9150	Kroatien	*[8]	_	_	
72-15	9151-9155	nach	*[8]	_	_	
72-16	9156-9160	1990	*[8]	_	_	
72-17	9161-9164	ist	*[8]	_	_	
72-18	9165-9172	bekannt	*[8]	_	_	
72-19	9172-9173	.	*[8]	_	_	

#Text=Die wenigen Interviews, die sie überhaupt gegeben hatte, durften zum Beispiel nie aufgezeichnet werden.
73-1	9173-9176	Die	*[8]	_	_	
73-2	9177-9184	wenigen	*[8]	_	_	
73-3	9185-9195	Interviews	*[8]	_	_	
73-4	9195-9196	,	*[8]	_	_	
73-5	9197-9200	die	*[8]	_	_	
73-6	9201-9204	sie	*[8]	_	_	
73-7	9205-9214	überhaupt	*[8]	_	_	
73-8	9215-9222	gegeben	*[8]	_	_	
73-9	9223-9228	hatte	*[8]	_	_	
73-10	9228-9229	,	*[8]	_	_	
73-11	9230-9237	durften	*[8]	_	_	
73-12	9238-9241	zum	*[8]	_	_	
73-13	9242-9250	Beispiel	*[8]	_	_	
73-14	9251-9254	nie	*[8]	_	_	
73-15	9255-9268	aufgezeichnet	*[8]	_	_	
73-16	9269-9275	werden	*[8]	_	_	
73-17	9275-9276	.	*[8]	_	_	

#Text=9 Einzig beim letzten Interview, das sie dem Globus Journalisten Darko Hudelist Anfang Mai 2012 gab, lief das Diktiergerät mit.
74-1	9276-9277	9	*[8]	R10[14]	bibr[14]	
74-2	9278-9284	Einzig	*[8]	R10[14]	bibr[14]	
74-3	9285-9289	beim	*[8]	R10[14]	bibr[14]	
74-4	9290-9297	letzten	*[8]	R10[14]	bibr[14]	
74-5	9298-9307	Interview	*[8]	R10[14]	bibr[14]	
74-6	9307-9308	,	*[8]	R10[14]	bibr[14]	
74-7	9309-9312	das	*[8]	R10[14]	bibr[14]	
74-8	9313-9316	sie	*[8]	R10[14]	bibr[14]	
74-9	9317-9320	dem	*[8]	R10[14]	bibr[14]	
74-10	9321-9327	Globus	*[8]	R10[14]	bibr[14]	
74-11	9328-9340	Journalisten	*[8]	R10[14]	bibr[14]	
74-12	9341-9346	Darko	*[8]	R10[14]	bibr[14]	
74-13	9347-9355	Hudelist	*[8]	_	_	
74-13.1	9347-9348	H	_	R10[14]	bibr[14]	
74-14	9356-9362	Anfang	*[8]	_	_	
74-15	9363-9366	Mai	*[8]	_	_	
74-16	9367-9371	2012	*[8]	_	_	
74-17	9372-9375	gab	*[8]	_	_	
74-18	9375-9376	,	*[8]	_	_	
74-19	9377-9381	lief	*[8]	_	_	
74-20	9382-9385	das	*[8]	_	_	
74-21	9386-9398	Diktiergerät	*[8]	_	_	
74-22	9399-9402	mit	*[8]	_	_	
74-23	9402-9403	.	*[8]	_	_	

#Text=Als sie dann dabei war, über die „De- Tuđmanisierung“ der kroatischen Gesellschaft und Politik sowie über die Vorteile eines EU - Beitritts Kroatiens zu sprechen, brach sie das Interview plötzlich ab, nannte ihre Bemerkung „eine Dummheit“ und erklärte schließlich: „Mein ganzes Leben kämpfe ich dagegen, dass sich inkompetente Leute in der Öffentlichkeit über Dinge äußern, für die sie nicht qualifiziert genug sind.
75-1	9403-9406	Als	*[8]	_	_	
75-2	9407-9410	sie	*[8]	_	_	
75-3	9411-9415	dann	*[8]	_	_	
75-4	9416-9421	dabei	*[8]	_	_	
75-5	9422-9425	war	*[8]	_	_	
75-6	9425-9426	,	*[8]	_	_	
75-7	9427-9431	über	*[8]	_	_	
75-8	9432-9435	die	*[8]	_	_	
75-9	9436-9440	„De-	*[8]	_	_	
75-10	9441-9456	Tuđmanisierung“	*[8]	_	_	
75-11	9457-9460	der	*[8]	_	_	
75-12	9461-9472	kroatischen	*[8]	_	_	
75-13	9473-9485	Gesellschaft	*[8]	_	_	
75-14	9486-9489	und	*[8]	_	_	
75-15	9490-9497	Politik	*[8]	_	_	
75-16	9498-9503	sowie	*[8]	_	_	
75-17	9504-9508	über	*[8]	_	_	
75-18	9509-9512	die	*[8]	_	_	
75-19	9513-9521	Vorteile	*[8]	_	_	
75-20	9522-9527	eines	*[8]	_	_	
75-21	9528-9530	EU	*[8]	_	_	
75-22	9531-9532	-	*[8]	_	_	
75-23	9533-9542	Beitritts	*[8]	_	_	
75-24	9543-9552	Kroatiens	*[8]	_	_	
75-25	9553-9555	zu	*[8]	_	_	
75-26	9556-9564	sprechen	*[8]	_	_	
75-27	9564-9565	,	*[8]	_	_	
75-28	9566-9571	brach	*[8]	_	_	
75-29	9572-9575	sie	*[8]	_	_	
75-30	9576-9579	das	*[8]	_	_	
75-31	9580-9589	Interview	*[8]	_	_	
75-32	9590-9599	plötzlich	*[8]	_	_	
75-33	9600-9602	ab	*[8]	_	_	
75-34	9602-9603	,	*[8]	_	_	
75-35	9604-9610	nannte	*[8]	_	_	
75-36	9611-9615	ihre	*[8]	_	_	
75-37	9616-9625	Bemerkung	*[8]	_	_	
75-38	9626-9631	„eine	*[8]	_	_	
75-39	9632-9641	Dummheit“	*[8]	_	_	
75-40	9642-9645	und	*[8]	_	_	
75-41	9646-9654	erklärte	*[8]	_	_	
75-42	9655-9666	schließlich	*[8]	_	_	
75-43	9666-9667	:	*[8]	_	_	
75-44	9668-9673	„Mein	*[8]	_	_	
75-45	9674-9680	ganzes	*[8]	_	_	
75-46	9681-9686	Leben	*[8]	_	_	
75-47	9687-9693	kämpfe	*[8]	_	_	
75-48	9694-9697	ich	*[8]	_	_	
75-49	9698-9705	dagegen	*[8]	_	_	
75-50	9705-9706	,	*[8]	_	_	
75-51	9707-9711	dass	*[8]	_	_	
75-52	9712-9716	sich	*[8]	_	_	
75-53	9717-9729	inkompetente	*[8]	_	_	
75-54	9730-9735	Leute	*[8]	_	_	
75-55	9736-9738	in	*[8]	_	_	
75-56	9739-9742	der	*[8]	_	_	
75-57	9743-9757	Öffentlichkeit	*[8]	_	_	
75-58	9758-9762	über	*[8]	_	_	
75-59	9763-9768	Dinge	*[8]	_	_	
75-60	9769-9775	äußern	*[8]	_	_	
75-61	9775-9776	,	*[8]	_	_	
75-62	9777-9780	für	*[8]	_	_	
75-63	9781-9784	die	*[8]	_	_	
75-64	9785-9788	sie	*[8]	_	_	
75-65	9789-9794	nicht	*[8]	_	_	
75-66	9795-9807	qualifiziert	*[8]	_	_	
75-67	9808-9813	genug	*[8]	_	_	
75-68	9814-9818	sind	*[8]	_	_	
75-69	9818-9819	.	*[8]	_	_	

#Text=Und jetzt tue ich genau das Gleiche.“ 10 Die Bedeutung Mirjana Gross ́ für die Wissenschaft, für ihre Zeitgenossen und die Politik lag nicht nur in dem, was sie gesagt und geschrieben, sondern mindestens genauso in dem, was sie nicht gesagt hatte.
76-1	9819-9822	Und	*[8]	_	_	
76-2	9823-9828	jetzt	*[8]	_	_	
76-3	9829-9832	tue	*[8]	_	_	
76-4	9833-9836	ich	*[8]	_	_	
76-5	9837-9842	genau	*[8]	_	_	
76-6	9843-9846	das	*[8]	_	_	
76-7	9847-9854	Gleiche	*[8]	_	_	
76-8	9854-9855	.	*[8]	_	_	
76-9	9855-9856	“	*[8]	_	_	
76-10	9857-9859	10	*[8]	_	_	
76-11	9860-9863	Die	*[8]	_	_	
76-12	9864-9873	Bedeutung	*[8]	_	_	
76-13	9874-9881	Mirjana	*[8]	_	_	
76-14	9882-9887	Gross	*[8]	_	_	
76-15	9888-9889	́	*[8]	_	_	
76-16	9890-9893	für	*[8]	_	_	
76-17	9894-9897	die	*[8]	_	_	
76-18	9898-9910	Wissenschaft	*[8]	_	_	
76-19	9910-9911	,	*[8]	_	_	
76-20	9912-9915	für	*[8]	_	_	
76-21	9916-9920	ihre	*[8]	_	_	
76-22	9921-9933	Zeitgenossen	*[8]	_	_	
76-23	9934-9937	und	*[8]	_	_	
76-24	9938-9941	die	*[8]	_	_	
76-25	9942-9949	Politik	*[8]	_	_	
76-26	9950-9953	lag	*[8]	_	_	
76-27	9954-9959	nicht	*[8]	_	_	
76-28	9960-9963	nur	*[8]	_	_	
76-29	9964-9966	in	*[8]	_	_	
76-30	9967-9970	dem	*[8]	_	_	
76-31	9970-9971	,	*[8]	_	_	
76-32	9972-9975	was	*[8]	_	_	
76-33	9976-9979	sie	*[8]	_	_	
76-34	9980-9986	gesagt	*[8]	_	_	
76-35	9987-9990	und	*[8]	_	_	
76-36	9991-10002	geschrieben	*[8]	_	_	
76-37	10002-10003	,	*[8]	_	_	
76-38	10004-10011	sondern	*[8]	_	_	
76-39	10012-10022	mindestens	*[8]	_	_	
76-40	10023-10030	genauso	*[8]	_	_	
76-41	10031-10033	in	*[8]	_	_	
76-42	10034-10037	dem	*[8]	_	_	
76-43	10037-10038	,	*[8]	_	_	
76-44	10039-10042	was	*[8]	_	_	
76-45	10043-10046	sie	*[8]	_	_	
76-46	10047-10052	nicht	*[8]	_	_	
76-47	10053-10059	gesagt	*[8]	_	_	
76-48	10060-10065	hatte	*[8]	_	_	
76-49	10065-10066	.	*[8]	_	_	

#Text=Keine Konfrontationen mit dem Regime – weder mit dem jugoslawischen noch kroatischen – keine Kritik an der Instrumentalisierung von Historikerinnen und Historikern, von Geschichte und Erinnerungskultur vor und nach 1990.
77-1	10066-10071	Keine	*[8]	_	_	
77-2	10072-10087	Konfrontationen	*[8]	_	_	
77-3	10088-10091	mit	*[8]	_	_	
77-4	10092-10095	dem	*[8]	_	_	
77-5	10096-10102	Regime	*[8]	_	_	
77-6	10103-10104	–	*[8]	_	_	
77-7	10105-10110	weder	*[8]	_	_	
77-8	10111-10114	mit	*[8]	_	_	
77-9	10115-10118	dem	*[8]	_	_	
77-10	10119-10133	jugoslawischen	*[8]	_	_	
77-11	10134-10138	noch	*[8]	_	_	
77-12	10139-10150	kroatischen	*[8]	_	_	
77-13	10151-10152	–	*[8]	_	_	
77-14	10153-10158	keine	*[8]	_	_	
77-15	10159-10165	Kritik	*[8]	_	_	
77-16	10166-10168	an	*[8]	_	_	
77-17	10169-10172	der	*[8]	_	_	
77-18	10173-10193	Instrumentalisierung	*[8]	_	_	
77-19	10194-10197	von	*[8]	_	_	
77-20	10198-10213	Historikerinnen	*[8]	_	_	
77-21	10214-10217	und	*[8]	_	_	
77-22	10218-10229	Historikern	*[8]	_	_	
77-23	10229-10230	,	*[8]	_	_	
77-24	10231-10234	von	*[8]	_	_	
77-25	10235-10245	Geschichte	*[8]	_	_	
77-26	10246-10249	und	*[8]	_	_	
77-27	10250-10267	Erinnerungskultur	*[8]	_	_	
77-28	10268-10271	vor	*[8]	_	_	
77-29	10272-10275	und	*[8]	_	_	
77-30	10276-10280	nach	*[8]	_	_	
77-31	10281-10285	1990	*[8]	_	_	
77-32	10285-10286	.	*[8]	_	_	

#Text=Gegenüber ihren Studenten war sie distanziert, gegenüber der Öffentlichkeit scheu, zurückhaltend, vorsichtig und vermutlich auch ängstlich.
78-1	10286-10295	Gegenüber	*[8]	_	_	
78-2	10296-10301	ihren	*[8]	_	_	
78-3	10302-10311	Studenten	*[8]	_	_	
78-4	10312-10315	war	*[8]	_	_	
78-5	10316-10319	sie	*[8]	_	_	
78-6	10320-10331	distanziert	*[8]	_	_	
78-7	10331-10332	,	*[8]	_	_	
78-8	10333-10342	gegenüber	*[8]	_	_	
78-9	10343-10346	der	*[8]	_	_	
78-10	10347-10361	Öffentlichkeit	*[8]	_	_	
78-11	10362-10367	scheu	*[8]	_	_	
78-12	10367-10368	,	*[8]	_	_	
78-13	10369-10382	zurückhaltend	*[8]	_	_	
78-14	10382-10383	,	*[8]	_	_	
78-15	10384-10394	vorsichtig	*[8]	_	_	
78-16	10395-10398	und	*[8]	_	_	
78-17	10399-10409	vermutlich	*[8]	_	_	
78-18	10410-10414	auch	*[8]	_	_	
78-19	10415-10424	ängstlich	*[8]	_	_	
78-20	10424-10425	.	*[8]	_	_	

#Text=Vielleicht wurde sie gerade deshalb bereits zu Wirk - und Lebzeiten verehrt, respektiert und bewundert, weil sie sich nie eingemischt hatte.
79-1	10425-10435	Vielleicht	*[8]	_	_	
79-2	10436-10441	wurde	*[8]	_	_	
79-3	10442-10445	sie	*[8]	_	_	
79-4	10446-10452	gerade	*[8]	_	_	
79-5	10453-10460	deshalb	*[8]	_	_	
79-6	10461-10468	bereits	*[8]	_	_	
79-7	10469-10471	zu	*[8]	_	_	
79-8	10472-10476	Wirk	*[8]	_	_	
79-9	10477-10478	-	*[8]	_	_	
79-10	10479-10482	und	*[8]	_	_	
79-11	10483-10492	Lebzeiten	*[8]	_	_	
79-12	10493-10500	verehrt	*[8]	_	_	
79-13	10500-10501	,	*[8]	_	_	
79-14	10502-10513	respektiert	*[8]	_	_	
79-15	10514-10517	und	*[8]	_	_	
79-16	10518-10527	bewundert	*[8]	_	_	
79-17	10527-10528	,	*[8]	_	_	
79-18	10529-10533	weil	*[8]	_	_	
79-19	10534-10537	sie	*[8]	_	_	
79-20	10538-10542	sich	*[8]	_	_	
79-21	10543-10546	nie	*[8]	_	_	
79-22	10547-10558	eingemischt	*[8]	_	_	
79-23	10559-10564	hatte	*[8]	_	_	
79-24	10564-10565	.	*[8]	_	_	

#Text=Weil sie zu aktuellen gesellschaftlichen und politischen Prozessen
80-1	10565-10569	Weil	*[8]	_	_	
80-2	10570-10573	sie	*[8]	_	_	
80-3	10574-10576	zu	*[8]	_	_	
80-4	10577-10586	aktuellen	*[8]	_	_	
80-5	10587-10605	gesellschaftlichen	*[8]	_	_	
80-6	10606-10609	und	*[8]	_	_	
80-7	10610-10621	politischen	*[8]	_	_	
80-8	10622-10631	Prozessen	*[8]	_	_	

#Text=6 Gross, Mirjana (1996): Plaidoyer za profesionalnu historiografiju [Ein Plädoyer für eine professionelle Historiografie].
81-1	10631-10632	6	*[9]	_	_	
81-2	10633-10638	Gross	*[9]	R2[15]	bibr[15]	
81-3	10638-10639	,	*[9]	R2[15]	bibr[15]	
81-4	10640-10647	Mirjana	*[9]	R2[15]	bibr[15]	
81-5	10648-10649	(	*[9]	R2[15]	bibr[15]	
81-6	10649-10653	1996	*[9]	R2[15]	bibr[15]	
81-7	10653-10654	)	*[9]	R2[15]	bibr[15]	
81-8	10654-10655	:	*[9]	_	_	
81-9	10656-10665	Plaidoyer	*[9]	_	_	
81-10	10666-10668	za	*[9]	_	_	
81-11	10669-10682	profesionalnu	*[9]	_	_	
81-12	10683-10698	historiografiju	*[9]	_	_	
81-13	10699-10703	[Ein	*[9]	_	_	
81-14	10704-10712	Plädoyer	*[9]	_	_	
81-15	10713-10716	für	*[9]	_	_	
81-16	10717-10721	eine	*[9]	_	_	
81-17	10722-10736	professionelle	*[9]	_	_	
81-18	10737-10751	Historiografie	*[9]	_	_	
81-19	10751-10752	]	*[9]	_	_	
81-20	10752-10753	.	*[9]	_	_	

#Text=In: Radovi 29, S. 7 – 10, hier S. 10.
82-1	10753-10755	In	*[9]	_	_	
82-2	10755-10756	:	*[9]	_	_	
82-3	10757-10763	Radovi	*[9]	_	_	
82-4	10764-10766	29	*[9]	_	_	
82-5	10766-10767	,	*[9]	_	_	
82-6	10768-10770	S.	*[9]	_	_	
82-7	10771-10772	7	*[9]	_	_	
82-8	10773-10774	–	*[9]	_	_	
82-9	10775-10777	10	*[9]	_	_	
82-10	10777-10778	,	*[9]	_	_	
82-11	10779-10783	hier	*[9]	_	_	
82-12	10784-10786	S.	*[9]	_	_	
82-13	10787-10790	10.	*[9]	_	_	

#Text=7 Artuković, Mato (2012): In memoriam: Mirjana Mirjam Gross.
83-1	10790-10791	7	*[9]	R1[16]	bibr[16]	
83-2	10792-10801	Artuković	*[9]	_	_	
83-2.1	10792-10793	A	_	R1[16]	bibr[16]	
83-3	10801-10802	,	*[9]	_	_	
83-4	10803-10807	Mato	*[9]	_	_	
83-5	10808-10809	(	*[9]	_	_	
83-6	10809-10813	2012	*[9]	_	_	
83-7	10813-10814	)	*[9]	_	_	
83-8	10814-10815	:	*[9]	_	_	
83-9	10816-10818	In	*[9]	_	_	
83-10	10819-10827	memoriam	*[9]	_	_	
83-11	10827-10828	:	*[9]	_	_	
83-12	10829-10836	Mirjana	*[9]	_	_	
83-13	10837-10843	Mirjam	*[9]	_	_	
83-14	10844-10849	Gross	*[9]	_	_	
83-15	10849-10850	.	*[9]	_	_	

#Text=Jedan život za povijesnu znanost [Ein Leben für die Geschichtswissenschaft].
84-1	10850-10855	Jedan	*[9]	_	_	
84-2	10856-10861	život	*[9]	_	_	
84-3	10862-10864	za	*[9]	_	_	
84-4	10865-10874	povijesnu	*[9]	_	_	
84-5	10875-10882	znanost	*[9]	_	_	
84-6	10883-10887	[Ein	*[9]	_	_	
84-7	10888-10893	Leben	*[9]	_	_	
84-8	10894-10897	für	*[9]	_	_	
84-9	10898-10901	die	*[9]	_	_	
84-10	10902-10924	Geschichtswissenschaft	*[9]	_	_	
84-11	10924-10925	]	*[9]	_	_	
84-12	10925-10926	.	*[9]	_	_	

#Text=In: Scrinia Slavonica 12, S. 371 – 376, hier S. 371.
85-1	10926-10928	In	*[9]	_	_	
85-2	10928-10929	:	*[9]	_	_	
85-3	10930-10937	Scrinia	*[9]	_	_	
85-4	10938-10947	Slavonica	*[9]	_	_	
85-5	10948-10950	12	*[9]	_	_	
85-6	10950-10951	,	*[9]	_	_	
85-7	10952-10954	S.	*[9]	_	_	
85-8	10955-10958	371	*[9]	_	_	
85-9	10959-10960	–	*[9]	_	_	
85-10	10961-10964	376	*[9]	_	_	
85-11	10964-10965	,	*[9]	_	_	
85-12	10966-10970	hier	*[9]	_	_	
85-13	10971-10973	S.	*[9]	_	_	
85-14	10974-10978	371.	*[9]	_	_	

#Text=8 Ebd.
86-1	10978-10979	8	*[9]	_	_	
86-2	10980-10983	Ebd	*[9]	_	_	
86-3	10983-10984	.	*[9]	_	_	

#Text=9 Hudelist , Darko (2012): Moj posljednji susret i razgovor s najvećom hrvatskom povjesničarkom , u Drenju
87-1	10984-10985	9	*[9]	R10[17]	bibr[17]	
87-2	10986-10994	Hudelist	*[9]	_	_	
87-2.1	10986-10987	H	_	R10[17]	bibr[17]	
87-3	10995-10996	,	*[9]	_	_	
87-4	10997-11002	Darko	*[9]	_	_	
87-5	11003-11004	(	*[9]	_	_	
87-6	11004-11008	2012	*[9]	_	_	
87-7	11008-11009	)	*[9]	_	_	
87-8	11009-11010	:	*[9]	_	_	
87-9	11011-11014	Moj	*[9]	_	_	
87-10	11015-11025	posljednji	*[9]	_	_	
87-11	11026-11032	susret	*[9]	_	_	
87-12	11033-11034	i	*[9]	_	_	
87-13	11035-11043	razgovor	*[9]	_	_	
87-14	11044-11045	s	*[9]	_	_	
87-15	11046-11054	najvećom	*[9]	_	_	
87-16	11055-11064	hrvatskom	*[9]	_	_	
87-17	11065-11079	povjesničarkom	*[9]	_	_	
87-18	11080-11081	,	*[9]	_	_	
87-19	11082-11083	u	*[9]	_	_	
87-20	11084-11090	Drenju	*[9]	_	_	

#Text=geschwiegen hatte.
88-1	11090-11101	geschwiegen	*[10]	_	_	
88-2	11102-11107	hatte	*[10]	_	_	
88-3	11107-11108	.	*[10]	_	_	

#Text=Wie muss es einer Frau mit ihrer Geschichte und vor allem ihrer Kenntnis der Geschichte gegangen sein, als nach 1990 Ustaša - Symboliken und Parolen auftauchten und in weiten Teilen der Gesellschaft und Politik der Unabhängige Staat Kroatien und seine Akteure glorifiziert wurden?
89-1	11108-11111	Wie	*[10]	_	_	
89-2	11112-11116	muss	*[10]	_	_	
89-3	11117-11119	es	*[10]	_	_	
89-4	11120-11125	einer	*[10]	_	_	
89-5	11126-11130	Frau	*[10]	_	_	
89-6	11131-11134	mit	*[10]	_	_	
89-7	11135-11140	ihrer	*[10]	_	_	
89-8	11141-11151	Geschichte	*[10]	_	_	
89-9	11152-11155	und	*[10]	_	_	
89-10	11156-11159	vor	*[10]	_	_	
89-11	11160-11165	allem	*[10]	_	_	
89-12	11166-11171	ihrer	*[10]	_	_	
89-13	11172-11180	Kenntnis	*[10]	_	_	
89-14	11181-11184	der	*[10]	_	_	
89-15	11185-11195	Geschichte	*[10]	_	_	
89-16	11196-11204	gegangen	*[10]	_	_	
89-17	11205-11209	sein	*[10]	_	_	
89-18	11209-11210	,	*[10]	_	_	
89-19	11211-11214	als	*[10]	_	_	
89-20	11215-11219	nach	*[10]	_	_	
89-21	11220-11224	1990	*[10]	_	_	
89-22	11225-11231	Ustaša	*[10]	_	_	
89-23	11232-11233	-	*[10]	_	_	
89-24	11234-11244	Symboliken	*[10]	_	_	
89-25	11245-11248	und	*[10]	_	_	
89-26	11249-11256	Parolen	*[10]	_	_	
89-27	11257-11268	auftauchten	*[10]	_	_	
89-28	11269-11272	und	*[10]	_	_	
89-29	11273-11275	in	*[10]	_	_	
89-30	11276-11282	weiten	*[10]	_	_	
89-31	11283-11289	Teilen	*[10]	_	_	
89-32	11290-11293	der	*[10]	_	_	
89-33	11294-11306	Gesellschaft	*[10]	_	_	
89-34	11307-11310	und	*[10]	_	_	
89-35	11311-11318	Politik	*[10]	_	_	
89-36	11319-11322	der	*[10]	_	_	
89-37	11323-11334	Unabhängige	*[10]	_	_	
89-38	11335-11340	Staat	*[10]	_	_	
89-39	11341-11349	Kroatien	*[10]	_	_	
89-40	11350-11353	und	*[10]	_	_	
89-41	11354-11359	seine	*[10]	_	_	
89-42	11360-11367	Akteure	*[10]	_	_	
89-43	11368-11380	glorifiziert	*[10]	_	_	
89-44	11381-11387	wurden	*[10]	_	_	
89-45	11387-11388	?	*[10]	_	_	

#Text=Gross jüdische Herkunft und Erfahrung bekamen erst ab Mitte der 1980er Jahre – nach ihrer Pensionierung – für sie eine wissenschaftliche Relevanz.
90-1	11388-11393	Gross	*[10]	_	_	
90-2	11394-11402	jüdische	*[10]	_	_	
90-3	11403-11411	Herkunft	*[10]	_	_	
90-4	11412-11415	und	*[10]	_	_	
90-5	11416-11425	Erfahrung	*[10]	_	_	
90-6	11426-11433	bekamen	*[10]	_	_	
90-7	11434-11438	erst	*[10]	_	_	
90-8	11439-11441	ab	*[10]	_	_	
90-9	11442-11447	Mitte	*[10]	_	_	
90-10	11448-11451	der	*[10]	_	_	
90-11	11452-11458	1980er	*[10]	_	_	
90-12	11459-11464	Jahre	*[10]	_	_	
90-13	11465-11466	–	*[10]	_	_	
90-14	11467-11471	nach	*[10]	_	_	
90-15	11472-11477	ihrer	*[10]	_	_	
90-16	11478-11491	Pensionierung	*[10]	_	_	
90-17	11492-11493	–	*[10]	_	_	
90-18	11494-11497	für	*[10]	_	_	
90-19	11498-11501	sie	*[10]	_	_	
90-20	11502-11506	eine	*[10]	_	_	
90-21	11507-11524	wissenschaftliche	*[10]	_	_	
90-22	11525-11533	Relevanz	*[10]	_	_	
90-23	11533-11534	.	*[10]	_	_	

#Text=In drei Aufsätzen (1987, 1988, 1998) und in ihrem Buch über die Entwicklung der bürgerlichen Gesellschaft (1992) ging sie erstmals auf die Geschichte und Bedeutung der kroatischen Juden ein.
91-1	11534-11536	In	*[10]	_	_	
91-2	11537-11541	drei	*[10]	_	_	
91-3	11542-11551	Aufsätzen	*[10]	_	_	
91-4	11552-11553	(	*[10]	_	_	
91-5	11553-11557	1987	*[10]	_	_	
91-6	11557-11558	,	*[10]	_	_	
91-7	11559-11563	1988	*[10]	_	_	
91-8	11563-11564	,	*[10]	_	_	
91-9	11565-11569	1998	*[10]	_	_	
91-10	11569-11570	)	*[10]	_	_	
91-11	11571-11574	und	*[10]	_	_	
91-12	11575-11577	in	*[10]	_	_	
91-13	11578-11583	ihrem	*[10]	_	_	
91-14	11584-11588	Buch	*[10]	_	_	
91-15	11589-11593	über	*[10]	_	_	
91-16	11594-11597	die	*[10]	_	_	
91-17	11598-11609	Entwicklung	*[10]	_	_	
91-18	11610-11613	der	*[10]	_	_	
91-19	11614-11626	bürgerlichen	*[10]	_	_	
91-20	11627-11639	Gesellschaft	*[10]	_	_	
91-21	11640-11641	(	*[10]	_	_	
91-22	11641-11645	1992	*[10]	_	_	
91-23	11645-11646	)	*[10]	_	_	
91-24	11647-11651	ging	*[10]	_	_	
91-25	11652-11655	sie	*[10]	_	_	
91-26	11656-11664	erstmals	*[10]	_	_	
91-27	11665-11668	auf	*[10]	_	_	
91-28	11669-11672	die	*[10]	_	_	
91-29	11673-11683	Geschichte	*[10]	_	_	
91-30	11684-11687	und	*[10]	_	_	
91-31	11688-11697	Bedeutung	*[10]	_	_	
91-32	11698-11701	der	*[10]	_	_	
91-33	11702-11713	kroatischen	*[10]	_	_	
91-34	11714-11719	Juden	*[10]	_	_	
91-35	11720-11723	ein	*[10]	_	_	
91-36	11723-11724	.	*[10]	_	_	

#Text=Insbesondere ihr Aufsatz aus dem Jahre 1998 über die „Gleichberechtigung ohne Gleichwertigkeit“ war eine scharfe Analyse der jüdischen Geschichte in Kroatien und der jüdisch - kroatischen Beziehungsgeschichte bis zum Ersten Weltkrieg.
92-1	11724-11736	Insbesondere	*[10]	_	_	
92-2	11737-11740	ihr	*[10]	_	_	
92-3	11741-11748	Aufsatz	*[10]	_	_	
92-4	11749-11752	aus	*[10]	_	_	
92-5	11753-11756	dem	*[10]	_	_	
92-6	11757-11762	Jahre	*[10]	_	_	
92-7	11763-11767	1998	*[10]	_	_	
92-8	11768-11772	über	*[10]	_	_	
92-9	11773-11776	die	*[10]	_	_	
92-10	11777-11796	„Gleichberechtigung	*[10]	_	_	
92-11	11797-11801	ohne	*[10]	_	_	
92-12	11802-11819	Gleichwertigkeit“	*[10]	_	_	
92-13	11820-11823	war	*[10]	_	_	
92-14	11824-11828	eine	*[10]	_	_	
92-15	11829-11836	scharfe	*[10]	_	_	
92-16	11837-11844	Analyse	*[10]	_	_	
92-17	11845-11848	der	*[10]	_	_	
92-18	11849-11858	jüdischen	*[10]	_	_	
92-19	11859-11869	Geschichte	*[10]	_	_	
92-20	11870-11872	in	*[10]	_	_	
92-21	11873-11881	Kroatien	*[10]	_	_	
92-22	11882-11885	und	*[10]	_	_	
92-23	11886-11889	der	*[10]	_	_	
92-24	11890-11897	jüdisch	*[10]	_	_	
92-25	11898-11899	-	*[10]	_	_	
92-26	11900-11911	kroatischen	*[10]	_	_	
92-27	11912-11932	Beziehungsgeschichte	*[10]	_	_	
92-28	11933-11936	bis	*[10]	_	_	
92-29	11937-11940	zum	*[10]	_	_	
92-30	11941-11947	Ersten	*[10]	_	_	
92-31	11948-11957	Weltkrieg	*[10]	_	_	
92-32	11957-11958	.	*[10]	_	_	

#Text=11 Mirjana Gross hat ein umfangreiches und wichtiges wissenschaftliches Werk hinterlassen.
93-1	11958-11960	11	*[10]	_	_	
93-2	11961-11968	Mirjana	*[10]	_	_	
93-3	11969-11974	Gross	*[10]	_	_	
93-4	11975-11978	hat	*[10]	_	_	
93-5	11979-11982	ein	*[10]	_	_	
93-6	11983-11996	umfangreiches	*[10]	_	_	
93-7	11997-12000	und	*[10]	_	_	
93-8	12001-12010	wichtiges	*[10]	_	_	
93-9	12011-12029	wissenschaftliches	*[10]	_	_	
93-10	12030-12034	Werk	*[10]	_	_	
93-11	12035-12047	hinterlassen	*[10]	_	_	
93-12	12047-12048	.	*[10]	_	_	

#Text=Als Zeitzeugin des 20. Jahrhunderts, als eine Frau, die selbst so viel Geschichte erfahren hatte, hat sie aber geschwiegen.
94-1	12048-12051	Als	*[10]	_	_	
94-2	12052-12062	Zeitzeugin	*[10]	_	_	
94-3	12063-12066	des	*[10]	_	_	
94-4	12067-12070	20.	*[10]	_	_	
94-5	12071-12083	Jahrhunderts	*[10]	_	_	
94-6	12083-12084	,	*[10]	_	_	
94-7	12085-12088	als	*[10]	_	_	
94-8	12089-12093	eine	*[10]	_	_	
94-9	12094-12098	Frau	*[10]	_	_	
94-10	12098-12099	,	*[10]	_	_	
94-11	12100-12103	die	*[10]	_	_	
94-12	12104-12110	selbst	*[10]	_	_	
94-13	12111-12113	so	*[10]	_	_	
94-14	12114-12118	viel	*[10]	_	_	
94-15	12119-12129	Geschichte	*[10]	_	_	
94-16	12130-12138	erfahren	*[10]	_	_	
94-17	12139-12144	hatte	*[10]	_	_	
94-18	12144-12145	,	*[10]	_	_	
94-19	12146-12149	hat	*[10]	_	_	
94-20	12150-12153	sie	*[10]	_	_	
94-21	12154-12158	aber	*[10]	_	_	
94-22	12159-12170	geschwiegen	*[10]	_	_	
94-23	12170-12171	.	*[10]	_	_	

#Text=Aus Angst.
95-1	12171-12174	Aus	*[10]	_	_	
95-2	12175-12180	Angst	*[10]	_	_	
95-3	12180-12181	.	*[10]	_	_	

#Text=Aus Schmerz.
96-1	12181-12184	Aus	*[10]	_	_	
96-2	12185-12192	Schmerz	*[10]	_	_	
96-3	12192-12193	.	*[10]	_	_	

#Text=In ihrem letzten Interview hat sie dies im Ansatz erklärt: „Ich sagte Ihnen bereits, meine Erinnerungen sind so schrecklich, dass ich sehr wahrscheinlich seelisch krank geworden wäre, wenn ich ständig an sie gedacht hätte.
97-1	12193-12195	In	*[10]	_	_	
97-2	12196-12201	ihrem	*[10]	_	_	
97-3	12202-12209	letzten	*[10]	_	_	
97-4	12210-12219	Interview	*[10]	_	_	
97-5	12220-12223	hat	*[10]	_	_	
97-6	12224-12227	sie	*[10]	_	_	
97-7	12228-12232	dies	*[10]	_	_	
97-8	12233-12235	im	*[10]	_	_	
97-9	12236-12242	Ansatz	*[10]	_	_	
97-10	12243-12250	erklärt	*[10]	_	_	
97-11	12250-12251	:	*[10]	_	_	
97-12	12252-12256	„Ich	*[10]	_	_	
97-13	12257-12262	sagte	*[10]	_	_	
97-14	12263-12268	Ihnen	*[10]	_	_	
97-15	12269-12276	bereits	*[10]	_	_	
97-16	12276-12277	,	*[10]	_	_	
97-17	12278-12283	meine	*[10]	_	_	
97-18	12284-12296	Erinnerungen	*[10]	_	_	
97-19	12297-12301	sind	*[10]	_	_	
97-20	12302-12304	so	*[10]	_	_	
97-21	12305-12316	schrecklich	*[10]	_	_	
97-22	12316-12317	,	*[10]	_	_	
97-23	12318-12322	dass	*[10]	_	_	
97-24	12323-12326	ich	*[10]	_	_	
97-25	12327-12331	sehr	*[10]	_	_	
97-26	12332-12346	wahrscheinlich	*[10]	_	_	
97-27	12347-12355	seelisch	*[10]	_	_	
97-28	12356-12361	krank	*[10]	_	_	
97-29	12362-12370	geworden	*[10]	_	_	
97-30	12371-12375	wäre	*[10]	_	_	
97-31	12375-12376	,	*[10]	_	_	
97-32	12377-12381	wenn	*[10]	_	_	
97-33	12382-12385	ich	*[10]	_	_	
97-34	12386-12393	ständig	*[10]	_	_	
97-35	12394-12396	an	*[10]	_	_	
97-36	12397-12400	sie	*[10]	_	_	
97-37	12401-12408	gedacht	*[10]	_	_	
97-38	12409-12414	hätte	*[10]	_	_	
97-39	12414-12415	.	*[10]	_	_	

#Text=Um sie so stark wie möglich zu verdrängen, habe ich den Weg des äußerst intensiven Arbeitens gewählt.
98-1	12415-12417	Um	*[10]	_	_	
98-2	12418-12421	sie	*[10]	_	_	
98-3	12422-12424	so	*[10]	_	_	
98-4	12425-12430	stark	*[10]	_	_	
98-5	12431-12434	wie	*[10]	_	_	
98-6	12435-12442	möglich	*[10]	_	_	
98-7	12443-12445	zu	*[10]	_	_	
98-8	12446-12456	verdrängen	*[10]	_	_	
98-9	12456-12457	,	*[10]	_	_	
98-10	12458-12462	habe	*[10]	_	_	
98-11	12463-12466	ich	*[10]	_	_	
98-12	12467-12470	den	*[10]	_	_	
98-13	12471-12474	Weg	*[10]	_	_	
98-14	12475-12478	des	*[10]	_	_	
98-15	12479-12486	äußerst	*[10]	_	_	
98-16	12487-12497	intensiven	*[10]	_	_	
98-17	12498-12507	Arbeitens	*[10]	_	_	
98-18	12508-12515	gewählt	*[10]	_	_	
98-19	12515-12516	.	*[10]	_	_	

#Text=Sobald ich mich aber ein wenig von der Arbeit entfernte und einigermaßen entspannte, kamen die Erinnerungen sofort zurück.
99-1	12516-12522	Sobald	*[10]	_	_	
99-2	12523-12526	ich	*[10]	_	_	
99-3	12527-12531	mich	*[10]	_	_	
99-4	12532-12536	aber	*[10]	_	_	
99-5	12537-12540	ein	*[10]	_	_	
99-6	12541-12546	wenig	*[10]	_	_	
99-7	12547-12550	von	*[10]	_	_	
99-8	12551-12554	der	*[10]	_	_	
99-9	12555-12561	Arbeit	*[10]	_	_	
99-10	12562-12571	entfernte	*[10]	_	_	
99-11	12572-12575	und	*[10]	_	_	
99-12	12576-12588	einigermaßen	*[10]	_	_	
99-13	12589-12599	entspannte	*[10]	_	_	
99-14	12599-12600	,	*[10]	_	_	
99-15	12601-12606	kamen	*[10]	_	_	
99-16	12607-12610	die	*[10]	_	_	
99-17	12611-12623	Erinnerungen	*[10]	_	_	
99-18	12624-12630	sofort	*[10]	_	_	
99-19	12631-12637	zurück	*[10]	_	_	
99-20	12637-12638	.	*[10]	_	_	

#Text=Ich sah die Bilder meiner Familie, die von der Ustaša und den Nazis ermordet wurde.“ 12 Gross hat solange gearbeitet, wie sie zu Fuß zum Kroatischen Staatsarchiv und zur Bibliothek gehen konnte.
100-1	12638-12641	Ich	*[10]	_	_	
100-2	12642-12645	sah	*[10]	_	_	
100-3	12646-12649	die	*[10]	_	_	
100-4	12650-12656	Bilder	*[10]	_	_	
100-5	12657-12663	meiner	*[10]	_	_	
100-6	12664-12671	Familie	*[10]	_	_	
100-7	12671-12672	,	*[10]	_	_	
100-8	12673-12676	die	*[10]	_	_	
100-9	12677-12680	von	*[10]	_	_	
100-10	12681-12684	der	*[10]	_	_	
100-11	12685-12691	Ustaša	*[10]	_	_	
100-12	12692-12695	und	*[10]	_	_	
100-13	12696-12699	den	*[10]	_	_	
100-14	12700-12705	Nazis	*[10]	_	_	
100-15	12706-12714	ermordet	*[10]	_	_	
100-16	12715-12720	wurde	*[10]	_	_	
100-17	12720-12721	.	*[10]	_	_	
100-18	12721-12722	“	*[10]	_	_	
100-19	12723-12725	12	*[10]	_	_	
100-20	12726-12731	Gross	*[10]	_	_	
100-21	12732-12735	hat	*[10]	_	_	
100-22	12736-12743	solange	*[10]	_	_	
100-23	12744-12754	gearbeitet	*[10]	_	_	
100-24	12754-12755	,	*[10]	_	_	
100-25	12756-12759	wie	*[10]	_	_	
100-26	12760-12763	sie	*[10]	_	_	
100-27	12764-12766	zu	*[10]	_	_	
100-28	12767-12770	Fuß	*[10]	_	_	
100-29	12771-12774	zum	*[10]	_	_	
100-30	12775-12786	Kroatischen	*[10]	_	_	
100-31	12787-12799	Staatsarchiv	*[10]	_	_	
100-32	12800-12803	und	*[10]	_	_	
100-33	12804-12807	zur	*[10]	_	_	
100-34	12808-12818	Bibliothek	*[10]	_	_	
100-35	12819-12824	gehen	*[10]	_	_	
100-36	12825-12831	konnte	*[10]	_	_	
100-37	12831-12832	.	*[10]	_	_	

#Text=Im Frühjahr 2011 war sie schwer gestürzt und von da an auf Hilfe angewiesen.
101-1	12832-12834	Im	*[10]	_	_	
101-2	12835-12843	Frühjahr	*[10]	_	_	
101-3	12844-12848	2011	*[10]	_	_	
101-4	12849-12852	war	*[10]	_	_	
101-5	12853-12856	sie	*[10]	_	_	
101-6	12857-12863	schwer	*[10]	_	_	
101-7	12864-12872	gestürzt	*[10]	_	_	
101-8	12873-12876	und	*[10]	_	_	
101-9	12877-12880	von	*[10]	_	_	
101-10	12881-12883	da	*[10]	_	_	
101-11	12884-12886	an	*[10]	_	_	
101-12	12887-12890	auf	*[10]	_	_	
101-13	12891-12896	Hilfe	*[10]	_	_	
101-14	12897-12907	angewiesen	*[10]	_	_	
101-15	12907-12908	.	*[10]	_	_	

#Text=Sie verließ ihre Wohnung und suchte erneut Zuflucht bei der Familie Topol in Drenje Brdovečko.
102-1	12908-12911	Sie	*[10]	_	_	
102-2	12912-12919	verließ	*[10]	_	_	
102-3	12920-12924	ihre	*[10]	_	_	
102-4	12925-12932	Wohnung	*[10]	_	_	
102-5	12933-12936	und	*[10]	_	_	
102-6	12937-12943	suchte	*[10]	_	_	
102-7	12944-12950	erneut	*[10]	_	_	
102-8	12951-12959	Zuflucht	*[10]	_	_	
102-9	12960-12963	bei	*[10]	_	_	
102-10	12964-12967	der	*[10]	_	_	
102-11	12968-12975	Familie	*[10]	_	_	
102-12	12976-12981	Topol	*[10]	_	_	
102-13	12982-12984	in	*[10]	_	_	
102-14	12985-12991	Drenje	*[10]	_	_	
102-15	12992-13001	Brdovečko	*[10]	_	_	
102-16	13001-13002	.	*[10]	_	_	

#Text=Diesmal kümmerte sich Stanko Topol, der Neffe ihres 1948 verunglückten und nach ihm benannten Verlobten, um sie.
103-1	13002-13009	Diesmal	*[10]	_	_	
103-2	13010-13018	kümmerte	*[10]	_	_	
103-3	13019-13023	sich	*[10]	_	_	
103-4	13024-13030	Stanko	*[10]	_	_	
103-5	13031-13036	Topol	*[10]	_	_	
103-6	13036-13037	,	*[10]	_	_	
103-7	13038-13041	der	*[10]	_	_	
103-8	13042-13047	Neffe	*[10]	_	_	
103-9	13048-13053	ihres	*[10]	_	_	
103-10	13054-13058	1948	*[10]	_	_	
103-11	13059-13072	verunglückten	*[10]	_	_	
103-12	13073-13076	und	*[10]	_	_	
103-13	13077-13081	nach	*[10]	_	_	
103-14	13082-13085	ihm	*[10]	_	_	
103-15	13086-13095	benannten	*[10]	_	_	
103-16	13096-13105	Verlobten	*[10]	_	_	
103-17	13105-13106	,	*[10]	_	_	
103-18	13107-13109	um	*[10]	_	_	
103-19	13110-13113	sie	*[10]	_	_	
103-20	13113-13114	.	*[10]	_	_	

#Text=Die Bauernfamilie Topol war die einzige, die sie je hatte.
104-1	13114-13117	Die	*[10]	_	_	
104-2	13118-13131	Bauernfamilie	*[10]	_	_	
104-3	13132-13137	Topol	*[10]	_	_	
104-4	13138-13141	war	*[10]	_	_	
104-5	13142-13145	die	*[10]	_	_	
104-6	13146-13153	einzige	*[10]	_	_	
104-7	13153-13154	,	*[10]	_	_	
104-8	13155-13158	die	*[10]	_	_	
104-9	13159-13162	sie	*[10]	_	_	
104-10	13163-13165	je	*[10]	_	_	
104-11	13166-13171	hatte	*[10]	_	_	
104-12	13171-13172	.	*[10]	_	_	

#Text=Auf dem Bauerngut, wo sie die letzten Monate mit ihrer Familie im Versteck verb racht hatte, starb sie schließlich im Juli 2012.
105-1	13172-13175	Auf	*[10]	_	_	
105-2	13176-13179	dem	*[10]	_	_	
105-3	13180-13189	Bauerngut	*[10]	_	_	
105-4	13189-13190	,	*[10]	_	_	
105-5	13191-13193	wo	*[10]	_	_	
105-6	13194-13197	sie	*[10]	_	_	
105-7	13198-13201	die	*[10]	_	_	
105-8	13202-13209	letzten	*[10]	_	_	
105-9	13210-13216	Monate	*[10]	_	_	
105-10	13217-13220	mit	*[10]	_	_	
105-11	13221-13226	ihrer	*[10]	_	_	
105-12	13227-13234	Familie	*[10]	_	_	
105-13	13235-13237	im	*[10]	_	_	
105-14	13238-13246	Versteck	*[10]	_	_	
105-15	13247-13251	verb	*[10]	_	_	
105-16	13252-13257	racht	*[10]	_	_	
105-17	13258-13263	hatte	*[10]	_	_	
105-18	13263-13264	,	*[10]	_	_	
105-19	13265-13270	starb	*[10]	_	_	
105-20	13271-13274	sie	*[10]	_	_	
105-21	13275-13286	schließlich	*[10]	_	_	
105-22	13287-13289	im	*[10]	_	_	
105-23	13290-13294	Juli	*[10]	_	_	
105-24	13295-13300	2012.	*[10]	_	_	

#Text=Ob sie Tagebuch geführt oder ihre Erinnerungen zu Papier gebracht hat, ist offen.
106-1	13300-13302	Ob	*[10]	_	_	
106-2	13303-13306	sie	*[10]	_	_	
106-3	13307-13315	Tagebuch	*[10]	_	_	
106-4	13316-13323	geführt	*[10]	_	_	
106-5	13324-13328	oder	*[10]	_	_	
106-6	13329-13333	ihre	*[10]	_	_	
106-7	13334-13346	Erinnerungen	*[10]	_	_	
106-8	13347-13349	zu	*[10]	_	_	
106-9	13350-13356	Papier	*[10]	_	_	
106-10	13357-13365	gebracht	*[10]	_	_	
106-11	13366-13369	hat	*[10]	_	_	
106-12	13369-13370	,	*[10]	_	_	
106-13	13371-13374	ist	*[10]	_	_	
106-14	13375-13380	offen	*[10]	_	_	
106-15	13380-13381	.	*[10]	_	_	

#Text=Vielleicht.
107-1	13381-13391	Vielleicht	*[10]	_	_	
107-2	13391-13392	.	*[10]	_	_	

#Text=Wahrscheinlich ist es nicht.
108-1	13392-13406	Wahrscheinlich	*[10]	_	_	
108-2	13407-13410	ist	*[10]	_	_	
108-3	13411-13413	es	*[10]	_	_	
108-4	13414-13419	nicht	*[10]	_	_	
108-5	13419-13420	.	*[10]	_	_	

#Text=11 Gross, Mirjana (1998): Ravnopravnost bez jednakovrijednosti [Gleichberechtigung ohne Gleichwertigkeit].
109-1	13420-13422	11	*[11]	_	_	
109-2	13423-13428	Gross	*[11]	R3[18]	bibr[18]	
109-3	13428-13429	,	*[11]	R3[18]	bibr[18]	
109-4	13430-13437	Mirjana	*[11]	R3[18]	bibr[18]	
109-5	13438-13439	(	*[11]	R3[18]	bibr[18]	
109-6	13439-13443	1998	*[11]	R3[18]	bibr[18]	
109-7	13443-13444	)	*[11]	R3[18]	bibr[18]	
109-8	13444-13445	:	*[11]	_	_	
109-9	13446-13459	Ravnopravnost	*[11]	_	_	
109-10	13460-13463	bez	*[11]	_	_	
109-11	13464-13482	jednakovrijednosti	*[11]	_	_	
109-12	13483-13502	[Gleichberechtigung	*[11]	_	_	
109-13	13503-13507	ohne	*[11]	_	_	
109-14	13508-13524	Gleichwertigkeit	*[11]	_	_	
109-15	13524-13525	]	*[11]	_	_	
109-16	13525-13526	.	*[11]	_	_	

#Text=In:
110-1	13526-13528	In	*[11]	_	_	
110-2	13528-13529	:	*[11]	_	_	

#Text=Literatur
111-1	13529-13538	Literatur	*	_	_	
